0,1,2,3,4,5,6,7,8,9,10,11,12,13,14,15,16,17,18,19,20,21,22,23,24,25,26,27,28,29,30,31,32,33,34,35,36,37,38,39,40,41,42,43,44,45,46,47,48,49,50,51,52,53,54,55,56,57,58,59,60,61,62,label
0.05240848660469055,0.7862187623977661,9.145331887339125e-07,0.09207266569137573,0.7953376770019531,-0.059885963797569275,0.11314019560813904,0.7769717574119568,-0.09832356125116348,0.09804099053144455,0.7460227012634277,-0.1287005990743637,0.07353267073631287,0.7005529999732971,-0.1622105985879898,0.1325952112674713,0.6289200782775879,-0.09743565320968628,0.1663808524608612,0.5301195383071899,-0.13857147097587585,0.180630624294281,0.46138668060302734,-0.16835077106952667,0.18998275697231293,0.40034282207489014,-0.18917737901210785,0.08732905983924866,0.6084237098693848,-0.09152601659297943,0.10216764360666275,0.4967171251773834,-0.13263629376888275,0.10850729793310165,0.4207552373409271,-0.16824471950531006,0.1145969033241272,0.3517107665538788,-0.19248564541339874,0.04334399104118347,0.6150455474853516,-0.08684667199850082,0.03864239528775215,0.5109413862228394,-0.12719036638736725,0.040081895887851715,0.445314884185791,-0.15725776553153992,0.04449077323079109,0.3902725577354431,-0.17653174698352814,0.004338882863521576,0.6440047025680542,-0.0848308578133583,-0.0089493989944458,0.5824891924858093,-0.12077051401138306,-0.011902280151844025,0.5804303288459778,-0.13267670571804047,-0.013760924339294434,0.5912930369377136,-0.1383432298898697,B
0.021389998495578766,0.7829515933990479,7.612462695760769e-07,0.0828888788819313,0.7934151887893677,-0.049447640776634216,0.13385683298110962,0.7480140328407288,-0.07234804332256317,0.12096114456653595,0.6813538074493408,-0.08824397623538971,0.09206018596887589,0.6302309632301331,-0.10300488024950027,0.15132956206798553,0.5811930298805237,-0.05067942664027214,0.1758403182029724,0.4714217782020569,-0.0772889107465744,0.18783248960971832,0.39726945757865906,-0.09698272496461868,0.19203615188598633,0.33402180671691895,-0.1097797304391861,0.10292290896177292,0.5538602471351624,-0.04312724992632866,0.12200046330690384,0.4390919804573059,-0.06752943992614746,0.12941871583461761,0.3604990243911743,-0.08715416491031647,0.13658279180526733,0.2951509654521942,-0.09831636399030685,0.05491948872804642,0.5489984750747681,-0.03976374492049217,0.06796543300151825,0.4360968768596649,-0.06520924717187881,0.07451055198907852,0.3639329671859741,-0.08249188959598541,0.08065164089202881,0.3024574816226959,-0.09064915776252747,0.004276446998119354,0.5653189420700073,-0.04005829617381096,0.009914908558130264,0.46941500902175903,-0.06386220455169678,0.009888775646686554,0.4120023846626282,-0.0730983167886734,0.012030627578496933,0.3591853380203247,-0.07547788321971893,B
0.026912681758403778,0.8062036633491516,5.685623136741924e-07,0.09059605747461319,0.7960996627807617,-0.04430235177278519,0.14175570011138916,0.7418059706687927,-0.06323370337486267,0.12911032140254974,0.6675785779953003,-0.07687316089868546,0.10366837680339813,0.6066712737083435,-0.08966235816478729,0.16345760226249695,0.565782904624939,-0.036431990563869476,0.18725520372390747,0.44812291860580444,-0.060592927038669586,0.19792860746383667,0.3723570704460144,-0.08186326175928116,0.20366095006465912,0.3078339993953705,-0.09684619307518005,0.11737355589866638,0.533791720867157,-0.033193595707416534,0.13886244595050812,0.4063681364059448,-0.05265973135828972,0.14943408966064453,0.3194980025291443,-0.07272417843341827,0.15684688091278076,0.2494281530380249,-0.08637996762990952,0.07031187415122986,0.5316290259361267,-0.03527914360165596,0.08759680390357971,0.41074320673942566,-0.055916134268045425,0.09638962149620056,0.33776038885116577,-0.07501135021448135,0.10403015464544296,0.2746115028858185,-0.08649756759405136,0.01902196556329727,0.5534935593605042,-0.04144591838121414,0.02437427267432213,0.45145678520202637,-0.06319563835859299,0.025985371321439743,0.3920758366584778,-0.07499483227729797,0.030063364654779434,0.33553770184516907,-0.08080747723579407,B
0.018854930996894836,0.8211036920547485,4.877464334640536e-07,0.08511252701282501,0.8062374591827393,-0.046289727091789246,0.14084649085998535,0.7495641112327576,-0.0667949914932251,0.13116055727005005,0.67481529712677,-0.082399383187294,0.10738742351531982,0.607852578163147,-0.09671318531036377,0.16330355405807495,0.5636152625083923,-0.037914372980594635,0.1874067783355713,0.44480985403060913,-0.06378338485956192,0.1974099576473236,0.368669331073761,-0.08607324212789536,0.2021547257900238,0.3016621172428131,-0.10164692997932434,0.11671698093414307,0.5333051085472107,-0.035236772149801254,0.1408422589302063,0.4021947383880615,-0.05538030341267586,0.15298178791999817,0.31515374779701233,-0.07608328759670258,0.16072902083396912,0.24381238222122192,-0.09090877324342728,0.06846830248832703,0.5322033166885376,-0.03804926201701164,0.08767276257276535,0.40849775075912476,-0.05805659294128418,0.10011111199855804,0.33278971910476685,-0.0766293853521347,0.1100919172167778,0.26949819922447205,-0.0887368768453598,0.01461581140756607,0.5544407367706299,-0.045481741428375244,0.021195366978645325,0.45483285188674927,-0.06603769212961197,0.025612249970436096,0.3908842206001282,-0.07741420716047287,0.03213159739971161,0.33216026425361633,-0.08365879952907562,B
0.021160230040550232,0.8108039498329163,4.892870038020192e-07,0.09145347028970718,0.7955041527748108,-0.04513181373476982,0.14907971024513245,0.738986611366272,-0.06397334486246109,0.1393393874168396,0.6656153202056885,-0.07826060801744461,0.11523398756980896,0.598206639289856,-0.09142585843801498,0.1717667430639267,0.5513180494308472,-0.031524453312158585,0.19601786136627197,0.43503710627555847,-0.05511216074228287,0.20424631237983704,0.36064785718917847,-0.07742778956890106,0.20833587646484375,0.2928401231765747,-0.09407708793878555,0.12509384751319885,0.5185154676437378,-0.028955897316336632,0.15137001872062683,0.3885684013366699,-0.04704108089208603,0.16434809565544128,0.3042988181114197,-0.06915915012359619,0.17422519624233246,0.23203825950622559,-0.08615075796842575,0.0763743668794632,0.5166685581207275,-0.03205506131052971,0.09644680470228195,0.393264502286911,-0.050692349672317505,0.10964265465736389,0.3189830482006073,-0.07076319307088852,0.12138168513774872,0.2537708580493927,-0.08487017452716827,0.023297518491744995,0.5392872095108032,-0.039816658943891525,0.032822757959365845,0.43956732749938965,-0.05883389711380005,0.04096629470586777,0.37764352560043335,-0.07051824033260345,0.05260937660932541,0.31932830810546875,-0.0780833289027214,B
0.023027844727039337,0.8139201998710632,4.1824009144875163e-07,0.09336359053850174,0.7961180210113525,-0.04328305274248123,0.14775235950946808,0.739945650100708,-0.06224836781620979,0.13894148170948029,0.6653290390968323,-0.07717855274677277,0.11542678624391556,0.5977240800857544,-0.09112387895584106,0.17143741250038147,0.5516442060470581,-0.03252203017473221,0.19740527868270874,0.4318147301673889,-0.05650082975625992,0.20447567105293274,0.35704636573791504,-0.07860398292541504,0.2063581645488739,0.28869011998176575,-0.0947556346654892,0.12539426982402802,0.5193672776222229,-0.031062595546245575,0.15244053304195404,0.38746005296707153,-0.048670560121536255,0.16402912139892578,0.3017248213291168,-0.06972862780094147,0.17163944244384766,0.2281019389629364,-0.08619525283575058,0.07701234519481659,0.5194727182388306,-0.03500426188111305,0.09721237421035767,0.39586323499679565,-0.05233374238014221,0.10968365520238876,0.32209092378616333,-0.07077834755182266,0.11939935386180878,0.2578819692134857,-0.08416635543107986,0.023876190185546875,0.5442534685134888,-0.04352005943655968,0.033067770302295685,0.44343045353889465,-0.06129135936498642,0.04113815724849701,0.3802323341369629,-0.07192319631576538,0.05190353840589523,0.32141220569610596,-0.07901239395141602,B
0.028988882899284363,0.8004060983657837,4.789074523614545e-07,0.0989048182964325,0.7858601808547974,-0.04546462744474411,0.15775951743125916,0.7316011786460876,-0.06486964970827103,0.1485264003276825,0.6587091684341431,-0.0801750048995018,0.12499409914016724,0.5889834761619568,-0.09440722316503525,0.17876340448856354,0.5399401187896729,-0.030995171517133713,0.20389030873775482,0.4245230257511139,-0.05540451779961586,0.21183845400810242,0.35007941722869873,-0.07848024368286133,0.21594920754432678,0.2811884582042694,-0.0958389937877655,0.13187535107135773,0.5064349174499512,-0.02896875888109207,0.1598011702299118,0.37741819024086,-0.047786541283130646,0.17241431772708893,0.2934914231300354,-0.07082903385162354,0.1818881332874298,0.21981319785118103,-0.08891837298870087,0.08336775004863739,0.5044141411781311,-0.032703790813684464,0.10533013194799423,0.38401150703430176,-0.05139652267098427,0.11886075139045715,0.3100971579551697,-0.07187806069850922,0.13035333156585693,0.24410384893417358,-0.0868319571018219,0.030398361384868622,0.5272559523582458,-0.04131272807717323,0.04367871209979057,0.4309477210044861,-0.06009666994214058,0.05400235205888748,0.3696703016757965,-0.07207106798887253,0.0666276067495346,0.3109649419784546,-0.08036921918392181,B
0.029910624027252197,0.8012988567352295,4.2814366452148533e-07,0.10011380165815353,0.7858899235725403,-0.04441767558455467,0.15628372132778168,0.7304309606552124,-0.06333388388156891,0.14497917890548706,0.6578417420387268,-0.07808682322502136,0.11887400597333908,0.5908119678497314,-0.09190867841243744,0.1792585253715515,0.5416867733001709,-0.0322062112390995,0.20436865091323853,0.42379605770111084,-0.0563947856426239,0.21019718050956726,0.3504803478717804,-0.07915542274713516,0.21096408367156982,0.2817588150501251,-0.09589751064777374,0.13229207694530487,0.5082809329032898,-0.030330054461956024,0.1591862589120865,0.37819498777389526,-0.048090096563100815,0.17079149186611176,0.2939141094684601,-0.06988274306058884,0.17876431345939636,0.2198079526424408,-0.08716263622045517,0.08331213891506195,0.5074154138565063,-0.034034378826618195,0.10453471541404724,0.38734209537506104,-0.05127200484275818,0.11909570544958115,0.31558650732040405,-0.06992954015731812,0.13023152947425842,0.25117188692092896,-0.08372840285301208,0.02936606854200363,0.53084397315979,-0.04251888394355774,0.0433565229177475,0.4331052899360657,-0.059539858251810074,0.054504308849573135,0.37185508012771606,-0.06965455412864685,0.06745439022779465,0.31322020292282104,-0.07682685554027557,B
0.03815562278032303,0.779926061630249,4.989192348148208e-07,0.1102345883846283,0.7697563767433167,-0.046078525483608246,0.17313233017921448,0.7205045819282532,-0.06475519388914108,0.16963502764701843,0.6461030840873718,-0.07907173037528992,0.14640964567661285,0.5782622694969177,-0.09217340499162674,0.19656167924404144,0.5251058340072632,-0.02656136080622673,0.22262656688690186,0.41128963232040405,-0.0490887351334095,0.2306903898715973,0.33772993087768555,-0.07226880639791489,0.23457017540931702,0.26895037293434143,-0.09011884778738022,0.150294691324234,0.49015071988105774,-0.023643195629119873,0.17999745905399323,0.36205512285232544,-0.04101778566837311,0.19309014081954956,0.2791883051395416,-0.0639709085226059,0.20372331142425537,0.2067224681377411,-0.08205258846282959,0.10118880122900009,0.4870532155036926,-0.026814214885234833,0.1253008395433426,0.36731016635894775,-0.04541071504354477,0.14127086102962494,0.29476094245910645,-0.06580198556184769,0.15557418763637543,0.22866809368133545,-0.08049589395523071,0.04860100895166397,0.5084996223449707,-0.03499901294708252,0.06819212436676025,0.41275647282600403,-0.05382445082068443,0.08017752319574356,0.35690557956695557,-0.0648646429181099,0.09399709105491638,0.3026524782180786,-0.07237055897712708,B
0.0470440611243248,0.7802426815032959,4.4001819787808927e-07,0.11847156286239624,0.7701365947723389,-0.045250698924064636,0.18078362941741943,0.717881441116333,-0.06497737020254135,0.17716217041015625,0.6445887088775635,-0.08070938289165497,0.15431374311447144,0.5730217695236206,-0.09531689435243607,0.20613974332809448,0.5263159275054932,-0.030547723174095154,0.23368486762046814,0.4117848873138428,-0.05590784177184105,0.24174489080905914,0.3386237323284149,-0.07964815199375153,0.24527181684970856,0.2706104815006256,-0.09708056598901749,0.15978486835956573,0.49121779203414917,-0.028557749465107918,0.19023427367210388,0.3623158931732178,-0.048209939152002335,0.20320045948028564,0.27999481558799744,-0.07107453793287277,0.21224448084831238,0.20848196744918823,-0.0887574702501297,0.11040462553501129,0.48676764965057373,-0.03238360956311226,0.1375754326581955,0.36835402250289917,-0.05133521556854248,0.1538977324962616,0.2955058813095093,-0.07066727429628372,0.16605710983276367,0.23001539707183838,-0.08465056121349335,0.05629776418209076,0.5057666301727295,-0.041074804961681366,0.0774305984377861,0.4114331603050232,-0.05916668474674225,0.09107840061187744,0.35093092918395996,-0.06983024626970291,0.10515028238296509,0.29245707392692566,-0.07720247656106949,B
0.04903533309698105,0.7818142175674438,4.145297225477407e-07,0.12129934877157211,0.7710764408111572,-0.0436670184135437,0.1811399757862091,0.7176111936569214,-0.06276720017194748,0.1750657856464386,0.6455690264701843,-0.07813558727502823,0.1503065526485443,0.5761072039604187,-0.0924055278301239,0.20696035027503967,0.5259603261947632,-0.0296064093708992,0.23421284556388855,0.4125441014766693,-0.053604111075401306,0.2416769117116928,0.34070155024528503,-0.07649052143096924,0.24395747482776642,0.27194467186927795,-0.09337848424911499,0.1607225388288498,0.4913705885410309,-0.027870018035173416,0.1887207329273224,0.36344581842422485,-0.04628920182585716,0.20038674771785736,0.280262291431427,-0.0681895986199379,0.20799171924591064,0.20621615648269653,-0.085442915558815,0.11114419996738434,0.4883077144622803,-0.031583916395902634,0.13564324378967285,0.3723887801170349,-0.04892797768115997,0.15043048560619354,0.30259838700294495,-0.06615462899208069,0.1608579456806183,0.23935288190841675,-0.07867664098739624,0.05645665526390076,0.5076419115066528,-0.04009042680263519,0.07699529081583023,0.4124228060245514,-0.056535542011260986,0.09036330878734589,0.35210371017456055,-0.06539718061685562,0.10430319607257843,0.29468947649002075,-0.07143200188875198,B
0.05457595735788345,0.7818314433097839,4.2424863977430505e-07,0.1272730827331543,0.7728999853134155,-0.04388021305203438,0.19240130484104156,0.7223253846168518,-0.0633862093091011,0.18960702419281006,0.6477828025817871,-0.07920634746551514,0.1658349633216858,0.5784111618995667,-0.09414896368980408,0.21521732211112976,0.5318083763122559,-0.030359195545315742,0.24234353005886078,0.41826698184013367,-0.05650739744305611,0.25108540058135986,0.34510165452957153,-0.08063939213752747,0.2557452321052551,0.2766951024532318,-0.09831971675157547,0.16964131593704224,0.4959830045700073,-0.029239727184176445,0.20110160112380981,0.36769184470176697,-0.04976457729935646,0.21451693773269653,0.2850942313671112,-0.07287487387657166,0.22397947311401367,0.21249344944953918,-0.09050145745277405,0.1211785227060318,0.49056532979011536,-0.033636029809713364,0.14744208753108978,0.37344157695770264,-0.05295348912477493,0.16310660541057587,0.29883673787117004,-0.07172131538391113,0.17475222051143646,0.23268085718154907,-0.08514801412820816,0.06673649698495865,0.5085679888725281,-0.042822033166885376,0.08682160079479218,0.41493621468544006,-0.060557544231414795,0.10017959028482437,0.35482168197631836,-0.0702379122376442,0.11342869699001312,0.2977243661880493,-0.07673279941082001,B
0.05627264827489853,0.783880352973938,4.052332371884404e-07,0.12984466552734375,0.7723486423492432,-0.0413031205534935,0.1900653839111328,0.7210427522659302,-0.06020670011639595,0.18700186908245087,0.6502628922462463,-0.07601648569107056,0.1639210283756256,0.5816607475280762,-0.09101265668869019,0.2151704728603363,0.5314134359359741,-0.029613086953759193,0.24283021688461304,0.4167592525482178,-0.054530028253793716,0.2510400414466858,0.3434789180755615,-0.07756413519382477,0.2538268566131592,0.2745712995529175,-0.09423486143350601,0.16962642967700958,0.49801692366600037,-0.029347756877541542,0.19876286387443542,0.3693050444126129,-0.0487595871090889,0.21047767996788025,0.2840253412723541,-0.07068862020969391,0.21707776188850403,0.20958489179611206,-0.08765485137701035,0.12075736373662949,0.4946290850639343,-0.03422913700342178,0.14667482674121857,0.37856531143188477,-0.05200263857841492,0.16124366223812103,0.30620813369750977,-0.06867022067308426,0.17102597653865814,0.24158170819282532,-0.08066224306821823,0.06590694189071655,0.512663722038269,-0.043706197291612625,0.08690570294857025,0.4177681505680084,-0.0604410283267498,0.10070256888866425,0.35602688789367676,-0.06892947852611542,0.1140131950378418,0.2980000376701355,-0.07444730401039124,B
0.06303749233484268,0.7818159461021423,4.190546292193176e-07,0.13477012515068054,0.7733653783798218,-0.0431615374982357,0.2022579312324524,0.7262059450149536,-0.06279771775007248,0.20480050146579742,0.6536027193069458,-0.0790330097079277,0.18333303928375244,0.582844614982605,-0.09426850080490112,0.2264115810394287,0.5345310568809509,-0.028445247560739517,0.2552601099014282,0.42213451862335205,-0.054891519248485565,0.2646493911743164,0.3497328758239746,-0.07966174930334091,0.2696860134601593,0.28270867466926575,-0.0974404439330101,0.18120890855789185,0.49872758984565735,-0.027549251914024353,0.21416780352592468,0.37184542417526245,-0.04781843721866608,0.22848382592201233,0.2891053855419159,-0.07107903808355331,0.23851311206817627,0.21723434329032898,-0.08872426301240921,0.1333339810371399,0.49254345893859863,-0.03221799060702324,0.1617911010980606,0.3765608072280884,-0.05086484178900719,0.17807601392269135,0.3022749423980713,-0.0691341981291771,0.1902831792831421,0.23788326978683472,-0.08213938027620316,0.0792655423283577,0.510136604309082,-0.041738931089639664,0.10036100447177887,0.4166307747364044,-0.058821551501750946,0.11403163522481918,0.3570583164691925,-0.06792671978473663,0.1275315135717392,0.301826536655426,-0.0737532377243042,B
0.06358377635478973,0.7841258645057678,3.8597451634814206e-07,0.13751699030399323,0.7741431593894958,-0.03982800990343094,0.20094549655914307,0.7243785262107849,-0.05785680189728737,0.2027575820684433,0.6535093784332275,-0.07302312552928925,0.18118907511234283,0.5860210657119751,-0.0871998518705368,0.22550559043884277,0.5356264114379883,-0.026391075924038887,0.25573843717575073,0.42437684535980225,-0.0504278838634491,0.26484158635139465,0.3534390330314636,-0.07312025874853134,0.26905813813209534,0.2867416441440582,-0.08947454392910004,0.1809128373861313,0.5009025931358337,-0.02626166120171547,0.21180105209350586,0.3736715018749237,-0.04465765506029129,0.22477111220359802,0.2898045778274536,-0.06607411056756973,0.2327744960784912,0.21687814593315125,-0.08260772377252579,0.13318122923374176,0.49541977047920227,-0.03122216835618019,0.16013801097869873,0.3798866271972656,-0.047822773456573486,0.17582809925079346,0.30724844336509705,-0.0639890506863594,0.18626239895820618,0.24340954422950745,-0.0756775289773941,0.07933685928583145,0.5117205381393433,-0.04072066396474838,0.10052119195461273,0.417885959148407,-0.05591810494661331,0.11502997577190399,0.3568759560585022,-0.06368119269609451,0.1285361498594284,0.30052393674850464,-0.06871283054351807,B
0.08931820839643478,0.781096875667572,3.9533185258733283e-07,0.16419179737567902,0.7751626372337341,-0.0389457605779171,0.2334444224834442,0.730258584022522,-0.05652358755469322,0.23788782954216003,0.657454252243042,-0.07118479162454605,0.22035206854343414,0.5933083295822144,-0.08490113168954849,0.25456932187080383,0.5408181548118591,-0.02510838769376278,0.2856200337409973,0.43291664123535156,-0.050162460654973984,0.2984890937805176,0.36203157901763916,-0.07320095598697662,0.3058648407459259,0.2947643995285034,-0.09001137316226959,0.21242418885231018,0.5059174299240112,-0.026266738772392273,0.24873709678649902,0.37875473499298096,-0.046621084213256836,0.2648157477378845,0.29555898904800415,-0.06793733686208725,0.27566972374916077,0.22436869144439697,-0.08388902246952057,0.16696573793888092,0.49845021963119507,-0.03268905356526375,0.19985157251358032,0.38297390937805176,-0.05202062800526619,0.21870428323745728,0.3092987537384033,-0.06918374449014664,0.2329249083995819,0.2456175982952118,-0.08113371580839157,0.11472213268280029,0.5138115286827087,-0.0435483381152153,0.13989180326461792,0.4213155508041382,-0.06116381287574768,0.15440796315670013,0.36349940299987793,-0.06961259245872498,0.16802722215652466,0.30856746435165405,-0.07486151903867722,B
0.09902077168226242,0.7814649939537048,3.939066175462358e-07,0.17189404368400574,0.7754068970680237,-0.0429513193666935,0.23639428615570068,0.7325560450553894,-0.06344234943389893,0.2418520748615265,0.6606483459472656,-0.08072058856487274,0.23319385945796967,0.5858621597290039,-0.09673558175563812,0.26627659797668457,0.5394554138183594,-0.02712146006524563,0.29798632860183716,0.4296780824661255,-0.052921075373888016,0.3084716796875,0.36016902327537537,-0.07767009735107422,0.31411823630332947,0.2937971353530884,-0.09585336595773697,0.22440174221992493,0.5071553587913513,-0.026629552245140076,0.2603764235973358,0.3828437030315399,-0.046739209443330765,0.27553826570510864,0.3020607829093933,-0.07072106748819351,0.28610268235206604,0.22917243838310242,-0.08952265977859497,0.17807479202747345,0.5025708079338074,-0.03190018609166145,0.2108667939901352,0.3894886374473572,-0.05155221372842789,0.22835078835487366,0.3185032606124878,-0.07076897472143173,0.24066953361034393,0.2522478401660919,-0.08468205481767654,0.12426816672086716,0.5190137624740601,-0.041867583990097046,0.1507289707660675,0.4280518889427185,-0.06103211268782616,0.16561952233314514,0.36922845244407654,-0.07196509093046188,0.1792377531528473,0.3107139468193054,-0.0793217271566391,B
0.10060629993677139,0.7852565050125122,3.74073891862281e-07,0.17460112273693085,0.779582142829895,-0.04031467065215111,0.23852919042110443,0.7325869202613831,-0.059420254081487656,0.24123124778270721,0.659980297088623,-0.07579654455184937,0.23047377169132233,0.5868613123893738,-0.09124181419610977,0.2672078013420105,0.5414491891860962,-0.027708299458026886,0.30007898807525635,0.4316612482070923,-0.05378469452261925,0.31119659543037415,0.3623659014701843,-0.07787275314331055,0.31672215461730957,0.29586324095726013,-0.09538755565881729,0.22564637660980225,0.5095798969268799,-0.028867468237876892,0.26051127910614014,0.3834426701068878,-0.04986219480633736,0.27483049035072327,0.30042168498039246,-0.07315976172685623,0.2834799587726593,0.22658106684684753,-0.0911228135228157,0.1790839284658432,0.5060625076293945,-0.03541887551546097,0.21105912327766418,0.389556348323822,-0.05579981580376625,0.2280285805463791,0.31791526079177856,-0.07405412197113037,0.24002747237682343,0.2514015734195709,-0.08693134784698486,0.1243770644068718,0.5230751633644104,-0.04633105918765068,0.1502358764410019,0.4293597936630249,-0.066062331199646,0.1656702309846878,0.3685455322265625,-0.07669544965028763,0.17991581559181213,0.3089740574359894,-0.08360856771469116,B
0.10388675332069397,0.7840901017189026,3.888657147399499e-07,0.17832042276859283,0.7797406911849976,-0.04214457795023918,0.2419043630361557,0.734538197517395,-0.0622783787548542,0.24711723625659943,0.6613350510597229,-0.0793074369430542,0.24294331669807434,0.5872414112091064,-0.09508834034204483,0.27058202028274536,0.5416806936264038,-0.0283801332116127,0.3032340705394745,0.4327576160430908,-0.054728709161281586,0.31475597620010376,0.36328214406967163,-0.07924748957157135,0.32146215438842773,0.29587745666503906,-0.09730181843042374,0.2299446016550064,0.5106021761894226,-0.028708336874842644,0.266891211271286,0.385247141122818,-0.04987001419067383,0.2831837236881256,0.3034113049507141,-0.07356006652116776,0.2945919632911682,0.229152649641037,-0.09202511608600616,0.18465907871723175,0.5067510604858398,-0.034690726548433304,0.21857483685016632,0.39224690198898315,-0.05582593381404877,0.23682373762130737,0.320728063583374,-0.07482711225748062,0.24967636168003082,0.25347018241882324,-0.08828312903642654,0.13152474164962769,0.5235862731933594,-0.04519512876868248,0.15867851674556732,0.4320242404937744,-0.06590910255908966,0.17469188570976257,0.37254464626312256,-0.07721629738807678,0.1889573037624359,0.31301701068878174,-0.08465804904699326,B
0.10399520397186279,0.7874777913093567,3.798961074608087e-07,0.177463561296463,0.7821751236915588,-0.04061073809862137,0.24247080087661743,0.7364049553871155,-0.06037396192550659,0.2474684864282608,0.6648842692375183,-0.07741641998291016,0.23766061663627625,0.5917577147483826,-0.09335808455944061,0.27173420786857605,0.5411471128463745,-0.02774958685040474,0.3049706220626831,0.43177008628845215,-0.05380793288350105,0.3167133927345276,0.36344748735427856,-0.07799879461526871,0.32305699586868286,0.29717695713043213,-0.0956135019659996,0.23174850642681122,0.5103543400764465,-0.02892250381410122,0.2668081223964691,0.3849260210990906,-0.049973729997873306,0.2818083167076111,0.3021452724933624,-0.07309811562299728,0.29087841510772705,0.22843295335769653,-0.09101210534572601,0.18627634644508362,0.5071297287940979,-0.035589177161455154,0.21897441148757935,0.390679270029068,-0.05614869296550751,0.2358783334493637,0.3188188970088959,-0.0740625187754631,0.2475239634513855,0.2518552839756012,-0.08667550981044769,0.13215819001197815,0.5236706137657166,-0.04668428376317024,0.15864288806915283,0.4299010634422302,-0.06672748923301697,0.17411890625953674,0.3682263493537903,-0.07737516611814499,0.18805882334709167,0.3076750636100769,-0.08423548191785812,B
0.10782650113105774,0.7885072827339172,3.7144010889278434e-07,0.1817367970943451,0.7840059399604797,-0.040684670209884644,0.2457086592912674,0.7398228049278259,-0.06097884476184845,0.2511405944824219,0.669283390045166,-0.07863269746303558,0.2436804473400116,0.5975236296653748,-0.09517845511436462,0.27440643310546875,0.5459725260734558,-0.027655180543661118,0.30848973989486694,0.4391325116157532,-0.05492475628852844,0.3199453055858612,0.3709224760532379,-0.08010276407003403,0.3262016177177429,0.3038628101348877,-0.09841366857290268,0.2345183789730072,0.51529860496521,-0.02901969850063324,0.27234771847724915,0.39119699597358704,-0.0509946346282959,0.2886362075805664,0.30827730894088745,-0.07500742375850677,0.2994653582572937,0.2319290041923523,-0.09365476667881012,0.18950539827346802,0.5120751261711121,-0.03592292591929436,0.22331123054027557,0.398475706577301,-0.05739564821124077,0.2408130019903183,0.3280942440032959,-0.07584045082330704,0.25213539600372314,0.26183462142944336,-0.08878221362829208,0.13655705749988556,0.5296924114227295,-0.04729519784450531,0.1646178960800171,0.4390150010585785,-0.06800182163715363,0.18047109246253967,0.3796868920326233,-0.07881147414445877,0.1933831125497818,0.32020580768585205,-0.08582434058189392,B
0.10836286842823029,0.79127436876297,3.763070992590656e-07,0.18198144435882568,0.7853672504425049,-0.03945024311542511,0.2468900978565216,0.740602970123291,-0.059308797121047974,0.2514863610267639,0.6695473790168762,-0.07670450955629349,0.23968437314033508,0.5984231233596802,-0.09316907823085785,0.2760249972343445,0.5471469163894653,-0.027879182249307632,0.30967918038368225,0.43812131881713867,-0.05457741767168045,0.3221094012260437,0.36932334303855896,-0.07902145385742188,0.3287661075592041,0.3025634288787842,-0.09669846296310425,0.2364366203546524,0.5164957642555237,-0.02982347458600998,0.2725785970687866,0.391515851020813,-0.05145498737692833,0.2881045341491699,0.3084850609302521,-0.07448446750640869,0.29717984795570374,0.23423349857330322,-0.09213053435087204,0.19128607213497162,0.5134345889091492,-0.03710128366947174,0.22415782511234283,0.3975928723812103,-0.057859618216753006,0.24097535014152527,0.325992226600647,-0.07527593523263931,0.25218045711517334,0.25941169261932373,-0.08739534765481949,0.13744644820690155,0.5305287837982178,-0.04871748760342598,0.16430342197418213,0.4372696578502655,-0.06868411600589752,0.17974919080734253,0.37600475549697876,-0.07879392802715302,0.19289638102054596,0.31604641675949097,-0.08511410653591156,B
0.11154630035161972,0.7850708365440369,2.894907993322704e-07,0.1875210553407669,0.7842468023300171,-0.03491605818271637,0.254827082157135,0.7450063228607178,-0.05360846966505051,0.2673552632331848,0.6781427264213562,-0.07060661911964417,0.26386067271232605,0.6128171682357788,-0.0871940478682518,0.28656184673309326,0.5629784464836121,-0.027396652847528458,0.3262268900871277,0.4579274654388428,-0.05559268221259117,0.3400409519672394,0.38992545008659363,-0.08057105541229248,0.3476594090461731,0.3236923813819885,-0.09846604615449905,0.25158998370170593,0.5336058139801025,-0.031155358999967575,0.2962380051612854,0.4129807651042938,-0.0535912960767746,0.31422632932662964,0.3312150835990906,-0.07678582519292831,0.32489824295043945,0.25677719712257385,-0.09461753070354462,0.21131418645381927,0.5287327766418457,-0.03970131650567055,0.24661098420619965,0.41543346643447876,-0.060014668852090836,0.2642446756362915,0.34367311000823975,-0.07736141234636307,0.2751092314720154,0.27939531207084656,-0.08988434821367264,0.1627015471458435,0.5442203283309937,-0.05234498530626297,0.1903785765171051,0.4552239775657654,-0.07092801481485367,0.20712482929229736,0.39628273248672485,-0.08088026940822601,0.22051416337490082,0.3394407629966736,-0.08766548335552216,B
0.11522824317216873,0.7751478552818298,3.252962414990179e-07,0.18932324647903442,0.7800389528274536,-0.03706495091319084,0.25458964705467224,0.7492283582687378,-0.058347832411527634,0.26895368099212646,0.6891475319862366,-0.0778256431221962,0.2719649374485016,0.6252033710479736,-0.09688204526901245,0.2949519753456116,0.5654485821723938,-0.029390137642621994,0.33450886607170105,0.4637468457221985,-0.05760141834616661,0.35060974955558777,0.39835646748542786,-0.08310308307409286,0.3627227544784546,0.3339560925960541,-0.10160484910011292,0.26089268922805786,0.5363850593566895,-0.032816991209983826,0.3048572540283203,0.42018187046051025,-0.05578254535794258,0.3245845139026642,0.3409714102745056,-0.08026646077632904,0.33940452337265015,0.2668401002883911,-0.09936106204986572,0.22019314765930176,0.5310177803039551,-0.04105732589960098,0.259949266910553,0.4234147071838379,-0.06214660033583641,0.28030240535736084,0.35503262281417847,-0.07985498756170273,0.29552289843559265,0.2904362976551056,-0.09272416681051254,0.17031168937683105,0.544795036315918,-0.05344434082508087,0.20237404108047485,0.459379106760025,-0.07308431714773178,0.22199946641921997,0.4040730595588684,-0.08302527666091919,0.23843373358249664,0.34930935502052307,-0.08963802456855774,B
0.117703378200531,0.776079535484314,3.140208377772069e-07,0.1905243694782257,0.7770888805389404,-0.034029435366392136,0.2548997700214386,0.7449082732200623,-0.054287031292915344,0.2695976793766022,0.6851558089256287,-0.07317103445529938,0.26933830976486206,0.6212372779846191,-0.0919683501124382,0.2970636487007141,0.5659908056259155,-0.029678070917725563,0.33695119619369507,0.46287715435028076,-0.0577709898352623,0.35344088077545166,0.39829498529434204,-0.08285345137119293,0.365239679813385,0.3342898488044739,-0.10082696378231049,0.26230332255363464,0.5387852191925049,-0.03484920784831047,0.3064696192741394,0.4209597706794739,-0.057572659105062485,0.32649660110473633,0.3417971134185791,-0.08122792840003967,0.3400573432445526,0.2684655785560608,-0.099605992436409,0.22002442181110382,0.5354529619216919,-0.044445328414440155,0.26085519790649414,0.4261273145675659,-0.0657479465007782,0.2809181809425354,0.3569854199886322,-0.08348655700683594,0.29546841979026794,0.2914572060108185,-0.09624681621789932,0.16798211634159088,0.5494112372398376,-0.0577138215303421,0.20023342967033386,0.46289345622062683,-0.07785831391811371,0.21851137280464172,0.40807658433914185,-0.08778183907270432,0.23270055651664734,0.3546741008758545,-0.09419525414705276,B
0.11520911753177643,0.7651129961013794,3.2988256748467393e-07,0.18731607496738434,0.7745764255523682,-0.036284368485212326,0.25284913182258606,0.7490589618682861,-0.05697363615036011,0.26944518089294434,0.6905112266540527,-0.07594139873981476,0.27073201537132263,0.6274414658546448,-0.09455758333206177,0.2991647720336914,0.5693219900131226,-0.028221173211932182,0.3428502678871155,0.47342565655708313,-0.05517403036355972,0.3608117401599884,0.41143643856048584,-0.08029363304376602,0.3740955591201782,0.34782975912094116,-0.09888006001710892,0.26774275302886963,0.538078248500824,-0.031706225126981735,0.31592586636543274,0.42745497822761536,-0.053434815257787704,0.3379107117652893,0.35168924927711487,-0.07738929241895676,0.3543354868888855,0.279464989900589,-0.09628798067569733,0.2281859815120697,0.5297223329544067,-0.03987191990017891,0.27258285880088806,0.4260497987270355,-0.05995817855000496,0.2950513958930969,0.3598933815956116,-0.07724131643772125,0.31190210580825806,0.2962067425251007,-0.08993633091449738,0.17871063947677612,0.5393343567848206,-0.05210718885064125,0.21471057832241058,0.45609867572784424,-0.07120749354362488,0.23548881709575653,0.40247994661331177,-0.08064538240432739,0.252570241689682,0.34908151626586914,-0.08693026751279831,B
0.1160321980714798,0.7666634917259216,3.048354528800701e-07,0.18872255086898804,0.7742282152175903,-0.03435010462999344,0.253908634185791,0.7465693354606628,-0.05426017567515373,0.2704413831233978,0.6866974830627441,-0.07275576144456863,0.27205514907836914,0.6211714148521423,-0.09112071990966797,0.30222615599632263,0.5701571702957153,-0.0283866785466671,0.3446669578552246,0.4710991680622101,-0.05574190616607666,0.3632214665412903,0.40811169147491455,-0.08036383241415024,0.37743040919303894,0.3454402685165405,-0.09819475561380386,0.2696758508682251,0.5402371883392334,-0.0329710878431797,0.3164767324924469,0.4269929528236389,-0.055325113236904144,0.3391575515270233,0.3501959443092346,-0.07877273857593536,0.3554410934448242,0.27927350997924805,-0.09698138386011124,0.22838978469371796,0.5338172912597656,-0.04209854453802109,0.27157846093177795,0.42785781621932983,-0.06343840807676315,0.29403355717658997,0.3604469299316406,-0.08123410493135452,0.31097865104675293,0.29653841257095337,-0.09389699250459671,0.1768970489501953,0.5445891618728638,-0.05492113158106804,0.21218043565750122,0.4606727361679077,-0.07535181939601898,0.23235680162906647,0.4066351652145386,-0.08572188019752502,0.24843715131282806,0.3538651466369629,-0.09238876402378082,B
0.10816183686256409,0.7582260966300964,3.0876626055942324e-07,0.1801759898662567,0.7735031247138977,-0.035658400505781174,0.24749548733234406,0.7494235038757324,-0.05520078167319298,0.26655465364456177,0.6908467411994934,-0.07305505871772766,0.2691507637500763,0.6232358813285828,-0.09041944146156311,0.30195820331573486,0.57375568151474,-0.026387343183159828,0.3461652994155884,0.47774478793144226,-0.05238144472241402,0.36610904335975647,0.4159812927246094,-0.07641346752643585,0.3818998336791992,0.35427579283714294,-0.09430543333292007,0.2707820236682892,0.5405318737030029,-0.029676081612706184,0.3191587030887604,0.43186044692993164,-0.051114555448293686,0.34332191944122314,0.35766977071762085,-0.07453487068414688,0.36219286918640137,0.2875699996948242,-0.09309419989585876,0.23017634451389313,0.5305196642875671,-0.03771322965621948,0.27552327513694763,0.42853283882141113,-0.05842136964201927,0.2989661395549774,0.36515718698501587,-0.07579978555440903,0.31773608922958374,0.3035960793495178,-0.0884426012635231,0.17952728271484375,0.5378089547157288,-0.049672216176986694,0.21694079041481018,0.45863938331604004,-0.0696173831820488,0.23908117413520813,0.40749964118003845,-0.08006582409143448,0.25820237398147583,0.3563348650932312,-0.08711174130439758,B
0.10907460749149323,0.755491316318512,2.900747801959369e-07,0.181719571352005,0.7685338258743286,-0.03305095061659813,0.24834829568862915,0.7451770305633545,-0.05197920277714729,0.2673247754573822,0.6879608631134033,-0.06967757642269135,0.2695874869823456,0.6221721768379211,-0.08724100142717361,0.30207163095474243,0.5735947489738464,-0.02631889283657074,0.3462997078895569,0.4772201478481293,-0.052964456379413605,0.3671013414859772,0.415235698223114,-0.07693565636873245,0.38372379541397095,0.35462379455566406,-0.09454701095819473,0.27039963006973267,0.5411065220832825,-0.031094864010810852,0.32003509998321533,0.43162691593170166,-0.05330009385943413,0.34513020515441895,0.35791128873825073,-0.07655338943004608,0.3642066419124603,0.2899070382118225,-0.09473748505115509,0.229134663939476,0.5314915776252747,-0.04037369042634964,0.27583611011505127,0.42993566393852234,-0.0620218850672245,0.3000906705856323,0.3651227355003357,-0.0801578015089035,0.3195038139820099,0.30288463830947876,-0.09320957958698273,0.1771235466003418,0.5388870239257812,-0.0532025508582592,0.21519777178764343,0.4610598385334015,-0.07416079938411713,0.2372979372739792,0.40956366062164307,-0.0853818953037262,0.255715012550354,0.35783880949020386,-0.09290080517530441,B
0.08543600142002106,0.7384109497070312,3.212869614799274e-07,0.1550096571445465,0.7526969313621521,-0.03277576342225075,0.22451642155647278,0.7328692674636841,-0.05035711079835892,0.24692420661449432,0.6776688098907471,-0.06656147539615631,0.24462160468101501,0.6122615337371826,-0.08238014578819275,0.28017696738243103,0.5661158561706543,-0.024059507995843887,0.33238786458969116,0.4777587652206421,-0.04930690675973892,0.3560049533843994,0.41720277070999146,-0.07273396849632263,0.3740593492984772,0.3581309914588928,-0.08978699147701263,0.2515662908554077,0.5300940275192261,-0.028513871133327484,0.3097083270549774,0.42993733286857605,-0.04836435616016388,0.3381844162940979,0.35692811012268066,-0.07018259912729263,0.3575090765953064,0.28980666399002075,-0.08731624484062195,0.21273072063922882,0.5161314010620117,-0.03752908483147621,0.2646505534648895,0.42014849185943604,-0.056104470044374466,0.2919338047504425,0.35741209983825684,-0.07271860539913177,0.31206053495407104,0.29730451107025146,-0.08505731076002121,0.16245420277118683,0.5179963111877441,-0.050300825387239456,0.20333677530288696,0.44549399614334106,-0.06818614900112152,0.22630977630615234,0.3957382142543793,-0.07732038199901581,0.24319450557231903,0.3455360531806946,-0.08349897712469101,B
0.07288587093353271,0.7388182282447815,3.1511862630395626e-07,0.1447972059249878,0.752223014831543,-0.032249972224235535,0.21468432247638702,0.7267649173736572,-0.04902677237987518,0.23528192937374115,0.6672751903533936,-0.06442178785800934,0.23166127502918243,0.6015439033508301,-0.0797504112124443,0.27100440859794617,0.5629066228866577,-0.024035217240452766,0.3209735155105591,0.47231751680374146,-0.049182310700416565,0.3443596065044403,0.4118773341178894,-0.07245560735464096,0.36254626512527466,0.3528164029121399,-0.08932945877313614,0.2401977777481079,0.5265998244285583,-0.028761928901076317,0.29628148674964905,0.42496734857559204,-0.04878338798880577,0.32538580894470215,0.35151058435440063,-0.07038412243127823,0.3452141284942627,0.2841986417770386,-0.08713602274656296,0.19877757132053375,0.5129749774932861,-0.03804408013820648,0.25108084082603455,0.41583913564682007,-0.05753103643655777,0.2787516713142395,0.3519723415374756,-0.07433712482452393,0.29923155903816223,0.2909832000732422,-0.08637131750583649,0.14613930881023407,0.5147640705108643,-0.05089917033910751,0.18776699900627136,0.4395015239715576,-0.06978236883878708,0.21199551224708557,0.3896842300891876,-0.07884585857391357,0.23076044023036957,0.3406028151512146,-0.0846552848815918,B
0.07298062741756439,0.7386724352836609,3.2348731338061043e-07,0.14526712894439697,0.7539992332458496,-0.033494677394628525,0.21372449398040771,0.7332745790481567,-0.05196318402886391,0.23270148038864136,0.6753183603286743,-0.06901596486568451,0.22826476395130157,0.6094636917114258,-0.08602399379014969,0.27125245332717896,0.5660935640335083,-0.025597527623176575,0.3198002576828003,0.47337806224823,-0.051292285323143005,0.34308183193206787,0.4126361906528473,-0.07492334395647049,0.36205965280532837,0.3532165288925171,-0.09203241765499115,0.2391316443681717,0.5296196937561035,-0.029615653678774834,0.2922164499759674,0.42493540048599243,-0.050786495208740234,0.32074427604675293,0.35057133436203003,-0.07367897033691406,0.3426634669303894,0.2818988263607025,-0.09145008772611618,0.19742564857006073,0.515937089920044,-0.0379759818315506,0.24717241525650024,0.4202936291694641,-0.057456955313682556,0.27491360902786255,0.3566649556159973,-0.07429692894220352,0.29636454582214355,0.296410471200943,-0.08648420870304108,0.14504596590995789,0.5177409052848816,-0.05009053647518158,0.18529148399829865,0.44271236658096313,-0.06807833909988403,0.20980903506278992,0.39298349618911743,-0.07679896056652069,0.2302781045436859,0.3446193337440491,-0.08251447230577469,B
0.0646735280752182,0.7434557676315308,3.1721558002573147e-07,0.13485285639762878,0.754038393497467,-0.03280511498451233,0.2041810154914856,0.7294972538948059,-0.05114779248833656,0.22561611235141754,0.6711252927780151,-0.06809360533952713,0.21754880249500275,0.6037335395812988,-0.0853002741932869,0.25990188121795654,0.5612689852714539,-0.027841420844197273,0.3067307472229004,0.4666736125946045,-0.054805938154459,0.32845526933670044,0.40337073802948,-0.0791599228978157,0.3458557724952698,0.3430449962615967,-0.09664691984653473,0.22773683071136475,0.5255611538887024,-0.03316562622785568,0.28122276067733765,0.42039424180984497,-0.05478641390800476,0.309516042470932,0.3445349633693695,-0.07708560675382614,0.32931530475616455,0.27734455466270447,-0.0942024514079094,0.18462428450584412,0.5132372975349426,-0.042889539152383804,0.2350800633430481,0.411759614944458,-0.06339627504348755,0.2625529170036316,0.3452717065811157,-0.08051685243844986,0.28317803144454956,0.28451380133628845,-0.0926559790968895,0.13028296828269958,0.517128586769104,-0.05621994286775589,0.1706792712211609,0.4377559423446655,-0.07583867013454437,0.19376398622989655,0.3856372833251953,-0.08512713015079498,0.21144571900367737,0.335766077041626,-0.09090680629014969,B
0.06434868276119232,0.741720974445343,3.457969057762966e-07,0.1352473497390747,0.7554972767829895,-0.03477910906076431,0.20357917249202728,0.733651340007782,-0.05461803823709488,0.22376221418380737,0.6754841804504395,-0.0727878212928772,0.21543151140213013,0.6079196333885193,-0.09120943397283554,0.25853079557418823,0.5641068816184998,-0.02998661994934082,0.305583119392395,0.4688180983066559,-0.05708727985620499,0.32805198431015015,0.40683555603027344,-0.08148142695426941,0.34659311175346375,0.3470418453216553,-0.09916787594556808,0.2253839522600174,0.5278897285461426,-0.034347545355558395,0.2779976427555084,0.4189855456352234,-0.05680511146783829,0.3065902292728424,0.3436931371688843,-0.080262191593647,0.32894468307495117,0.2754775881767273,-0.09852869808673859,0.18256711959838867,0.5151154398918152,-0.042970698326826096,0.23293402791023254,0.4145670533180237,-0.06360211223363876,0.26097917556762695,0.34867703914642334,-0.08113735169172287,0.2828946113586426,0.2875111997127533,-0.09385418146848679,0.1289278268814087,0.5181090831756592,-0.05537453666329384,0.16929051280021667,0.43873584270477295,-0.07460474967956543,0.19479718804359436,0.38628631830215454,-0.0842948704957962,0.21711410582065582,0.3359798192977905,-0.09075203537940979,B
0.06758032739162445,0.7656102180480957,3.9858804257164593e-07,0.14196865260601044,0.7585002183914185,-0.03169030696153641,0.20781315863132477,0.7169914245605469,-0.04861900582909584,0.23828935623168945,0.6624958515167236,-0.06473726779222488,0.2589684724807739,0.6048310399055481,-0.08044710010290146,0.23185211420059204,0.5406749248504639,-0.023187510669231415,0.2799156904220581,0.45052146911621094,-0.0503990575671196,0.3066311180591583,0.39648500084877014,-0.07442846149206161,0.3285953998565674,0.3483889698982239,-0.0910947397351265,0.19718848168849945,0.5117558836936951,-0.028870968148112297,0.24748733639717102,0.40294769406318665,-0.05131102725863457,0.2781001031398773,0.33114510774612427,-0.07298430055379868,0.30122315883636475,0.2720862329006195,-0.08881808072328568,0.15245839953422546,0.5077497959136963,-0.03963373228907585,0.1990000307559967,0.4035458266735077,-0.06242764741182327,0.22715631127357483,0.33827728033065796,-0.08028144389390945,0.25015056133270264,0.2830773890018463,-0.09250222891569138,0.09734559804201126,0.5230481624603271,-0.05370241031050682,0.1241905465722084,0.4422602951526642,-0.07746345549821854,0.1420568823814392,0.3860612213611603,-0.08901959657669067,0.15664023160934448,0.3336021900177002,-0.09568869322538376,B
0.07279331237077713,0.8543165922164917,2.851078022558795e-07,0.14202101528644562,0.8141553997993469,-0.023372534662485123,0.1998588591814041,0.754801332950592,-0.03731826692819595,0.22069838643074036,0.6889829039573669,-0.05280225723981857,0.22197523713111877,0.6307700276374817,-0.06825383752584457,0.1936287134885788,0.5933258533477783,-0.01076347753405571,0.23303185403347015,0.5022181868553162,-0.03520243987441063,0.258292019367218,0.4642541706562042,-0.05768711492419243,0.2832428216934204,0.4344652593135834,-0.07243716716766357,0.15812993049621582,0.5760698914527893,-0.019497619941830635,0.19832415878772736,0.4702194333076477,-0.037781909108161926,0.22559845447540283,0.42342495918273926,-0.055327873677015305,0.25075963139533997,0.3929552733898163,-0.06867587566375732,0.11681003123521805,0.576346218585968,-0.03324521705508232,0.14697059988975525,0.4760652780532837,-0.052239879965782166,0.17333976924419403,0.44543367624282837,-0.062062427401542664,0.19822624325752258,0.4358702003955841,-0.0685470774769783,0.06722171604633331,0.5905176401138306,-0.05048159509897232,0.08524809032678604,0.5010191202163696,-0.0658787339925766,0.10788287967443466,0.47558873891830444,-0.06763531267642975,0.13024333119392395,0.4714225232601166,-0.06800257414579391,B
0.06745461374521255,0.8467535972595215,4.5393980485641805e-07,0.13838398456573486,0.8085308074951172,-0.02166592702269554,0.19421395659446716,0.7577102780342102,-0.0359472893178463,0.2201702892780304,0.702351987361908,-0.052104879170656204,0.23163287341594696,0.6397361755371094,-0.06846477091312408,0.1871434599161148,0.5980620980262756,-0.007185951340943575,0.2265722006559372,0.5123848915100098,-0.03299270197749138,0.2531537413597107,0.46644169092178345,-0.05744858458638191,0.2770606279373169,0.42845356464385986,-0.07320079207420349,0.1529656946659088,0.5806087851524353,-0.014676965773105621,0.19229301810264587,0.48408055305480957,-0.03489980474114418,0.21648958325386047,0.43655824661254883,-0.05471949279308319,0.23829181492328644,0.4023589491844177,-0.06862270832061768,0.11387374252080917,0.5802537202835083,-0.027036672458052635,0.13957248628139496,0.48896610736846924,-0.04499112442135811,0.16429217159748077,0.45243608951568604,-0.05439362674951553,0.1898001879453659,0.43304547667503357,-0.06038598343729973,0.06774724274873734,0.5957155823707581,-0.042876455932855606,0.07932320237159729,0.5142450928688049,-0.05811721086502075,0.10093994438648224,0.48321855068206787,-0.06028994545340538,0.124643974006176,0.4700227975845337,-0.060006093233823776,B
0.5658348798751831,0.8148796558380127,6.167524588818196e-07,0.5100371241569519,0.8012328743934631,-0.03019081987440586,0.4637298285961151,0.7323306798934937,-0.050832394510507584,0.4630272686481476,0.6645419001579285,-0.0675116702914238,0.4815141558647156,0.6239143013954163,-0.08567388355731964,0.49416160583496094,0.6069671511650085,-0.05251683294773102,0.4808136820793152,0.49591320753097534,-0.08184738457202911,0.4774422347545624,0.4207388162612915,-0.10309777408838272,0.47973617911338806,0.3610022962093353,-0.11817458271980286,0.5354906916618347,0.5954383611679077,-0.05500501021742821,0.5274637341499329,0.4774653911590576,-0.08417584747076035,0.5283086895942688,0.39359477162361145,-0.10646125674247742,0.532796323299408,0.3247021436691284,-0.12146841734647751,0.5780421495437622,0.603053629398346,-0.05943489819765091,0.581500768661499,0.4875962734222412,-0.08835725486278534,0.5885276794433594,0.40691107511520386,-0.10946677625179291,0.5966926217079163,0.3416474461555481,-0.12279292941093445,0.620483934879303,0.6267584562301636,-0.06525533646345139,0.63193678855896,0.5374271869659424,-0.09383217245340347,0.6410398483276367,0.47580885887145996,-0.10875799506902695,0.6490960121154785,0.4215713143348694,-0.11739025264978409,B
0.5519024729728699,0.7990694642066956,8.611283419668325e-07,0.5004074573516846,0.784423291683197,-0.03258070349693298,0.45798277854919434,0.7189631462097168,-0.05464642867445946,0.48561543226242065,0.6635357141494751,-0.07327345013618469,0.5385147929191589,0.6447325944900513,-0.09239670634269714,0.4777400493621826,0.5363045930862427,-0.03870449215173721,0.4754939377307892,0.4286743998527527,-0.061746448278427124,0.4797552525997162,0.35981735587120056,-0.08273636549711227,0.48573729395866394,0.30370253324508667,-0.09932869672775269,0.524517834186554,0.5270985960960388,-0.04206686094403267,0.5253193378448486,0.40478742122650146,-0.060860998928546906,0.529907763004303,0.3276001513004303,-0.07830941677093506,0.5344276428222656,0.2672833502292633,-0.09153570979833603,0.5701077580451965,0.5441697835922241,-0.04901205748319626,0.5761131644248962,0.4262719750404358,-0.06860098242759705,0.5807692408561707,0.3569808602333069,-0.0835501104593277,0.5849575400352478,0.3001503050327301,-0.09423982352018356,0.6131553053855896,0.584091067314148,-0.058881718665361404,0.6238532662391663,0.49165666103363037,-0.07929565757513046,0.6310093998908997,0.4348748028278351,-0.08781780302524567,0.6354817152023315,0.38393402099609375,-0.0929112583398819,B
0.5543339848518372,0.816388726234436,6.506441536657803e-07,0.5011320114135742,0.7892355918884277,-0.031869471073150635,0.4567965567111969,0.719977855682373,-0.05412439629435539,0.4869705140590668,0.6653361916542053,-0.07444065064191818,0.540241539478302,0.6444801688194275,-0.09466035664081573,0.4827112555503845,0.536757230758667,-0.036090005189180374,0.4808894395828247,0.4257846772670746,-0.06031061336398125,0.4833424687385559,0.35881370306015015,-0.08195418119430542,0.48779165744781494,0.300554096698761,-0.09959328919649124,0.5275368094444275,0.5275967717170715,-0.04149545356631279,0.5280103087425232,0.3984568119049072,-0.06175440922379494,0.5310165286064148,0.3185679614543915,-0.08020464330911636,0.5351998209953308,0.2523440718650818,-0.09494583308696747,0.5712686777114868,0.5468372702598572,-0.05086808651685715,0.5787332653999329,0.42825156450271606,-0.07078413665294647,0.5851372480392456,0.3592541515827179,-0.08539535105228424,0.5900538563728333,0.30173516273498535,-0.09668311476707458,0.6125872135162354,0.5877578854560852,-0.06388551741838455,0.6265724897384644,0.49915647506713867,-0.0829487070441246,0.6327089667320251,0.44337499141693115,-0.09140023589134216,0.635954737663269,0.39288800954818726,-0.09773474186658859,B
0.5474426746368408,0.8109549283981323,6.636030889239919e-07,0.4854230284690857,0.77265864610672,-0.0316406674683094,0.4420027434825897,0.7020359039306641,-0.053118351846933365,0.47852253913879395,0.6412867307662964,-0.07228101044893265,0.5353108048439026,0.6146100759506226,-0.09130996465682983,0.47068673372268677,0.5167924761772156,-0.03006858192384243,0.47172725200653076,0.40246063470840454,-0.051763780415058136,0.4798819124698639,0.3361988663673401,-0.07371445745229721,0.4906737804412842,0.27718445658683777,-0.09229949116706848,0.5165355205535889,0.5036600828170776,-0.03446773439645767,0.5178303122520447,0.3753540515899658,-0.0505518764257431,0.5244565010070801,0.29639363288879395,-0.06955310702323914,0.532377302646637,0.22794628143310547,-0.08638282865285873,0.5586534738540649,0.5211634635925293,-0.043212126940488815,0.5647227764129639,0.3999006152153015,-0.05869712308049202,0.570540189743042,0.3283580541610718,-0.07427552342414856,0.576565682888031,0.2648245394229889,-0.0882478579878807,0.600751519203186,0.5630490183830261,-0.05585695430636406,0.607294499874115,0.4703426659107208,-0.07220395654439926,0.6105813980102539,0.4150667190551758,-0.08122190088033676,0.6135192513465881,0.36423248052597046,-0.08919620513916016,B
0.5448690056800842,0.8077399730682373,6.446849738495075e-07,0.4827706217765808,0.7698713541030884,-0.03204505890607834,0.4360106885433197,0.696167528629303,-0.054202448576688766,0.473594605922699,0.6391238570213318,-0.0750206857919693,0.5344344973564148,0.6125096082687378,-0.09613016247749329,0.46607688069343567,0.5121776461601257,-0.030219413340091705,0.4682827293872833,0.39906537532806396,-0.055503662675619125,0.47644180059432983,0.33079642057418823,-0.07954632490873337,0.48763853311538696,0.2693110704421997,-0.09915098547935486,0.5106061697006226,0.4986654222011566,-0.03599947318434715,0.5123475790023804,0.3690125644207001,-0.0547710657119751,0.5191458463668823,0.2902054190635681,-0.07424197345972061,0.5279437899589539,0.22186169028282166,-0.09095912426710129,0.5525265336036682,0.513756513595581,-0.04666457697749138,0.5573204159736633,0.3931404948234558,-0.06381908804178238,0.5624068379402161,0.3202459216117859,-0.07953114062547684,0.5668664574623108,0.2569398283958435,-0.09329642355442047,0.594474732875824,0.5527948141098022,-0.0615851916372776,0.6030700206756592,0.46085360646247864,-0.07777854055166245,0.607132613658905,0.4033018946647644,-0.08628997206687927,0.6088296175003052,0.3517898917198181,-0.09410833567380905,B
0.5458144545555115,0.8086745738983154,6.248275212783483e-07,0.483478307723999,0.7694482803344727,-0.03226225823163986,0.4367615878582001,0.6976301670074463,-0.05553463473916054,0.47265559434890747,0.6409348249435425,-0.07752259820699692,0.5344027876853943,0.6151367425918579,-0.10007261484861374,0.4659082591533661,0.5135470032691956,-0.03275541216135025,0.46738138794898987,0.3993275761604309,-0.06001315265893936,0.475281298160553,0.3296949863433838,-0.08536949753761292,0.4862601161003113,0.26738548278808594,-0.10590020567178726,0.5112487077713013,0.49997779726982117,-0.03968231752514839,0.5128566026687622,0.3691464364528656,-0.06032000482082367,0.5201141834259033,0.28968551754951477,-0.08089789748191833,0.5291018486022949,0.21949267387390137,-0.09855759143829346,0.5542392134666443,0.5158439874649048,-0.051513414829969406,0.5588605403900146,0.3958388864994049,-0.07010544091463089,0.5651907920837402,0.32200872898101807,-0.08617310225963593,0.5710506439208984,0.2571583688259125,-0.10030603408813477,0.5969799757003784,0.5555936694145203,-0.06764259189367294,0.6037326455116272,0.4616634249687195,-0.08464246243238449,0.6080143451690674,0.4036651849746704,-0.09317557513713837,0.6102771759033203,0.35149529576301575,-0.10126642137765884,B
0.5439506769180298,0.8024366497993469,6.35276876437274e-07,0.47816401720046997,0.7622991800308228,-0.028833290562033653,0.4313771724700928,0.6933608055114746,-0.050515055656433105,0.46710026264190674,0.6376902461051941,-0.07151107490062714,0.5275379419326782,0.6139732599258423,-0.09326312690973282,0.4615144729614258,0.5078297853469849,-0.027390338480472565,0.4622640013694763,0.3930146098136902,-0.051195960491895676,0.46918612718582153,0.32556936144828796,-0.07496220618486404,0.4791630208492279,0.2641177475452423,-0.09483160078525543,0.5058779120445251,0.49352362751960754,-0.035215940326452255,0.5069254636764526,0.36211201548576355,-0.052440594881772995,0.5126743912696838,0.28278735280036926,-0.07203467190265656,0.5199999213218689,0.2144298553466797,-0.08957883715629578,0.5474634766578674,0.5091502070426941,-0.04764624685049057,0.5526067018508911,0.38600072264671326,-0.06332743912935257,0.5580390095710754,0.3116976022720337,-0.07928045839071274,0.5620881915092468,0.24781534075737,-0.09406432509422302,0.5893080234527588,0.5498082637786865,-0.06408414244651794,0.5978248715400696,0.4546072781085968,-0.07977431267499924,0.6022475361824036,0.3969809412956238,-0.08822866529226303,0.6037433743476868,0.3465794026851654,-0.09655974805355072,B
0.5447208881378174,0.8031209707260132,6.22160484908818e-07,0.4794696867465973,0.7618547081947327,-0.029304269701242447,0.4322505295276642,0.6902913451194763,-0.051020547747612,0.4681132733821869,0.6350728273391724,-0.07208919525146484,0.5308029055595398,0.6129029989242554,-0.0940602570772171,0.4620562791824341,0.5072108507156372,-0.02871047891676426,0.461923748254776,0.3925907015800476,-0.05384719744324684,0.4679185450077057,0.32373347878456116,-0.07819163054227829,0.476881742477417,0.2616772949695587,-0.09842386841773987,0.5065921545028687,0.4923979938030243,-0.03707323223352432,0.5068798661231995,0.36101973056793213,-0.05551734194159508,0.5130082964897156,0.2817786931991577,-0.07516877353191376,0.5205782651901245,0.2125001847743988,-0.09257958829402924,0.5488209128379822,0.5079924464225769,-0.05021950602531433,0.553279459476471,0.3861500918865204,-0.06709165126085281,0.5597034096717834,0.31314748525619507,-0.08268456906080246,0.5649958252906799,0.24954620003700256,-0.0969240665435791,0.590945839881897,0.5484647154808044,-0.06746982783079147,0.5981725454330444,0.45283612608909607,-0.08360094577074051,0.6035628914833069,0.39558637142181396,-0.09161082655191422,0.6065734624862671,0.3453189730644226,-0.09957041591405869,B
0.5437846183776855,0.797818660736084,6.239493473003677e-07,0.47947654128074646,0.7587774991989136,-0.029741782695055008,0.4314863085746765,0.6891275644302368,-0.05214288458228111,0.4651893377304077,0.6331093311309814,-0.07388458400964737,0.5255261659622192,0.6066509485244751,-0.09646773338317871,0.46013063192367554,0.5031837821006775,-0.02975156158208847,0.46038180589675903,0.3891996741294861,-0.055853914469480515,0.46655431389808655,0.32067376375198364,-0.08048117160797119,0.475702702999115,0.25894683599472046,-0.10065025091171265,0.5046185255050659,0.4894509017467499,-0.03809472545981407,0.5059078335762024,0.3587684631347656,-0.0577746219933033,0.5115938186645508,0.2793479561805725,-0.07811738550662994,0.5187790393829346,0.20974025130271912,-0.09584084898233414,0.5469179749488831,0.5048856735229492,-0.05124007537961006,0.5510088205337524,0.38392263650894165,-0.06954310089349747,0.5556442737579346,0.3102687895298004,-0.08611612766981125,0.5589188933372498,0.24584102630615234,-0.10080436617136002,0.5890519618988037,0.5445330142974854,-0.06838836520910263,0.5965142250061035,0.44978073239326477,-0.08556476980447769,0.6006720066070557,0.3920711278915405,-0.09427995979785919,0.6020992398262024,0.3409862816333771,-0.1026325598359108,B
0.5428906083106995,0.7968884706497192,6.225273523341457e-07,0.47994187474250793,0.7588635683059692,-0.028944367542862892,0.4309622645378113,0.6864820718765259,-0.05025440827012062,0.464112788438797,0.6320571303367615,-0.0710369348526001,0.524604082107544,0.6078776717185974,-0.0927833616733551,0.4604649543762207,0.500999391078949,-0.028896640986204147,0.46107393503189087,0.3874516487121582,-0.05438531935214996,0.4667362868785858,0.31889182329177856,-0.07842201739549637,0.47473210096359253,0.2576177418231964,-0.09825678914785385,0.5046745538711548,0.4877943694591522,-0.037401363253593445,0.5060811042785645,0.3566698431968689,-0.05689741671085358,0.5118046998977661,0.2777392268180847,-0.07695323973894119,0.5183206796646118,0.20824092626571655,-0.09432140737771988,0.5467521548271179,0.5034735798835754,-0.05064687505364418,0.5511552095413208,0.38142621517181396,-0.06881175935268402,0.5564217567443848,0.3080992102622986,-0.0853072851896286,0.5600979328155518,0.24358239769935608,-0.09983238577842712,0.5884020924568176,0.5432586073875427,-0.06777960807085037,0.5959709882736206,0.44814687967300415,-0.08463505655527115,0.6009317636489868,0.3902093768119812,-0.09335093945264816,0.6030783653259277,0.3383471667766571,-0.10170813649892807,B
0.544166624546051,0.7906293869018555,6.384801167769183e-07,0.4795941710472107,0.7544489502906799,-0.031471554189920425,0.4305307865142822,0.6828906536102295,-0.054034046828746796,0.46094363927841187,0.6261120438575745,-0.07550375163555145,0.5199702978134155,0.5975725650787354,-0.0974297821521759,0.4612377882003784,0.4944571852684021,-0.029093444347381592,0.4630683660507202,0.38165658712387085,-0.054894719272851944,0.46966055035591125,0.31362485885620117,-0.07905042916536331,0.4791019558906555,0.25308382511138916,-0.09880786389112473,0.5062934756278992,0.4802016615867615,-0.03608933836221695,0.5084623098373413,0.3495141267776489,-0.05553491786122322,0.5149903297424316,0.2720719575881958,-0.07518747448921204,0.522680938243866,0.20436587929725647,-0.09211606532335281,0.5491153597831726,0.49462074041366577,-0.048197437077760696,0.552744448184967,0.37291282415390015,-0.06597235798835754,0.5580406785011292,0.2991148829460144,-0.08148732036352158,0.562857985496521,0.23371073603630066,-0.09544220566749573,0.591073215007782,0.5332074165344238,-0.06447234749794006,0.5976822972297668,0.4405723810195923,-0.08049420267343521,0.6028005480766296,0.3832246661186218,-0.08834049850702286,0.6057278513908386,0.33120763301849365,-0.0961039587855339,B
0.5401828289031982,0.7901759147644043,6.414085191863705e-07,0.4767962396144867,0.7530785799026489,-0.03148312121629715,0.4292961359024048,0.6792186498641968,-0.05348942428827286,0.46156036853790283,0.6267239451408386,-0.07457157969474792,0.5201038718223572,0.598462700843811,-0.0961405336856842,0.461834579706192,0.49187952280044556,-0.027508877217769623,0.464294970035553,0.3795579671859741,-0.053504832088947296,0.4708154797554016,0.3110412657260895,-0.07783955335617065,0.4801231622695923,0.2501191198825836,-0.09767485409975052,0.5064473152160645,0.47918257117271423,-0.03478863090276718,0.5091028809547424,0.34903624653816223,-0.054614048451185226,0.5159953832626343,0.2706904709339142,-0.07507063448429108,0.5241218209266663,0.2019205391407013,-0.09260939061641693,0.5483627915382385,0.4950178563594818,-0.04735957086086273,0.5532964468002319,0.37386780977249146,-0.0660252496600151,0.559661865234375,0.3001852035522461,-0.08251862972974777,0.5650014281272888,0.23509961366653442,-0.09699805080890656,0.5892720818519592,0.5347691178321838,-0.06403156369924545,0.5981309413909912,0.4431573748588562,-0.08040999621152878,0.6044126749038696,0.38591456413269043,-0.0885825827717781,0.6078005433082581,0.33382952213287354,-0.0966913029551506,B
0.5406674146652222,0.7915440201759338,6.348118404275738e-07,0.47578006982803345,0.754111647605896,-0.03102726675570011,0.4269179105758667,0.6784073710441589,-0.05231602117419243,0.4586162865161896,0.6253455877304077,-0.07274080067873001,0.5176968574523926,0.5988298654556274,-0.0937846228480339,0.4614231586456299,0.4909398853778839,-0.02703966572880745,0.46488913893699646,0.37935495376586914,-0.0523630827665329,0.4717310667037964,0.3104255795478821,-0.07639489322900772,0.48092904686927795,0.2488519251346588,-0.09623448550701141,0.5065862536430359,0.4780508875846863,-0.0343925766646862,0.5104992985725403,0.3482434153556824,-0.053890619426965714,0.5176231861114502,0.2693449556827545,-0.07423596829175949,0.5255697965621948,0.1998099386692047,-0.09178748726844788,0.548427402973175,0.49387994408607483,-0.0469694659113884,0.5548092722892761,0.3728334903717041,-0.06547856330871582,0.5609685778617859,0.2991010844707489,-0.08245592564344406,0.5656592845916748,0.23400452733039856,-0.09728770703077316,0.5886618494987488,0.533852219581604,-0.06359963864088058,0.5980637073516846,0.44094592332839966,-0.08027411252260208,0.604415774345398,0.38259607553482056,-0.08921778947114944,0.6079961061477661,0.3294011652469635,-0.09789997339248657,B
0.5428901314735413,0.7898322343826294,6.315352720775991e-07,0.47707486152648926,0.750464677810669,-0.02978556975722313,0.4289819896221161,0.678294837474823,-0.051338475197553635,0.4605892300605774,0.6242802739143372,-0.07230045646429062,0.520102858543396,0.6002248525619507,-0.09394849836826324,0.46191316843032837,0.4936032295227051,-0.027105433866381645,0.4649074375629425,0.3801915645599365,-0.05219753459095955,0.47236865758895874,0.3118197023868561,-0.07626975327730179,0.482552707195282,0.2506260573863983,-0.09628833830356598,0.5066375136375427,0.4796760678291321,-0.03526967018842697,0.5097550749778748,0.3482998013496399,-0.05430106073617935,0.5173144936561584,0.26918458938598633,-0.0746583417057991,0.5263009071350098,0.19990333914756775,-0.0924547016620636,0.5484111905097961,0.49546217918395996,-0.04840543866157532,0.5536131858825684,0.3743664622306824,-0.06605403125286102,0.5604034662246704,0.3004963994026184,-0.08289118111133575,0.5662679672241211,0.23526719212532043,-0.09811113774776459,0.589394748210907,0.5362628698348999,-0.06556811928749084,0.5983966588973999,0.44469505548477173,-0.08183571696281433,0.6046533584594727,0.38808029890060425,-0.09054254740476608,0.6086134910583496,0.33658528327941895,-0.09930213540792465,B
0.5414873361587524,0.7900722026824951,6.371024028339889e-07,0.47769880294799805,0.7529618740081787,-0.029802920296788216,0.4281333088874817,0.6780615448951721,-0.0505947545170784,0.45911428332328796,0.6257705688476562,-0.07072557508945465,0.5188905000686646,0.6018940806388855,-0.09158414602279663,0.46176692843437195,0.49169278144836426,-0.02658829465508461,0.46407222747802734,0.3790842294692993,-0.05156514048576355,0.47112444043159485,0.31072330474853516,-0.07517765462398529,0.48099052906036377,0.25038301944732666,-0.09470450133085251,0.5066341757774353,0.4792845845222473,-0.03440166637301445,0.509651243686676,0.34844088554382324,-0.05338842421770096,0.5170575380325317,0.27021515369415283,-0.07331536710262299,0.5259140729904175,0.20206469297409058,-0.09055674821138382,0.548575758934021,0.4955615997314453,-0.04726821556687355,0.5535436868667603,0.37382936477661133,-0.06519658118486404,0.5602499842643738,0.3002294898033142,-0.081743024289608,0.5662234425544739,0.235333651304245,-0.09640675783157349,0.5890880823135376,0.5358814001083374,-0.06407912820577621,0.5977799296379089,0.44387078285217285,-0.08019417524337769,0.6042354702949524,0.38648122549057007,-0.08856460452079773,0.6083802580833435,0.33396899700164795,-0.09691605716943741,B
0.5410254597663879,0.7893272638320923,6.48851880669099e-07,0.4787568747997284,0.754057765007019,-0.031835511326789856,0.4289343059062958,0.6794164180755615,-0.05401329696178436,0.45929375290870667,0.6266442537307739,-0.07513619214296341,0.5186656713485718,0.6011228561401367,-0.09666504710912704,0.4620566666126251,0.49130532145500183,-0.029447777196764946,0.46517616510391235,0.3793013095855713,-0.05551430955529213,0.47250762581825256,0.3103635311126709,-0.0795879065990448,0.4827328324317932,0.2494436800479889,-0.09938710182905197,0.5070196986198425,0.47839653491973877,-0.03650712966918945,0.5100904703140259,0.34799206256866455,-0.05636284872889519,0.5179961919784546,0.2694512903690338,-0.07619937509298325,0.5272424817085266,0.2008255124092102,-0.09331043809652328,0.5492696166038513,0.494380921125412,-0.04874400049448013,0.5543924570083618,0.3735758066177368,-0.06704193353652954,0.5611476302146912,0.30030179023742676,-0.08293621242046356,0.5671419501304626,0.23553425073623657,-0.09711675345897675,0.5904430150985718,0.5342764854431152,-0.0651664286851883,0.5991947650909424,0.4431911110877991,-0.0812411978840828,0.6055020689964294,0.3853418231010437,-0.0894692987203598,0.6092470288276672,0.33221113681793213,-0.09768884629011154,B
0.5426551103591919,0.7884182929992676,6.39737663732376e-07,0.47929146885871887,0.7532240152359009,-0.032006263732910156,0.43046844005584717,0.6804382801055908,-0.054800018668174744,0.4599847197532654,0.6263300776481628,-0.07645471394062042,0.5179761052131653,0.5980123281478882,-0.09850677102804184,0.46233969926834106,0.49161410331726074,-0.030501866713166237,0.46459341049194336,0.3788280785083771,-0.05714898183941841,0.47206807136535645,0.3101285994052887,-0.0816495418548584,0.4824763238430023,0.2488791048526764,-0.10170897096395493,0.5073760151863098,0.4790838062763214,-0.037831488996744156,0.5101365447044373,0.3479519486427307,-0.05831789970397949,0.5179402232170105,0.269009530544281,-0.0787692740559578,0.527073085308075,0.19966226816177368,-0.09643089771270752,0.5494798421859741,0.49585187435150146,-0.050288520753383636,0.5552594661712646,0.3744184076786041,-0.06948193162679672,0.5625073909759521,0.30112653970718384,-0.08594701439142227,0.5686608552932739,0.23620283603668213,-0.10056917369365692,0.5901378393173218,0.5367222428321838,-0.06684780865907669,0.5992867350578308,0.4452238380908966,-0.08399266004562378,0.6057887077331543,0.3876797556877136,-0.09273520112037659,0.6097469329833984,0.3345333933830261,-0.10134948790073395,B
0.5428127646446228,0.7911885976791382,6.481325840468344e-07,0.48089316487312317,0.7551511526107788,-0.031172098591923714,0.4310162365436554,0.67889404296875,-0.05275912582874298,0.46159806847572327,0.6253749132156372,-0.07335241883993149,0.521540641784668,0.6017489433288574,-0.09441770613193512,0.46429601311683655,0.492146372795105,-0.029675306752324104,0.4672621488571167,0.37946295738220215,-0.055702898651361465,0.47449812293052673,0.31012392044067383,-0.07975316047668457,0.48454365134239197,0.24881815910339355,-0.09945770353078842,0.5089589953422546,0.4796212315559387,-0.03702159598469734,0.5123518109321594,0.3486844301223755,-0.056789226830005646,0.5202215909957886,0.2692696452140808,-0.07642180472612381,0.5298190712928772,0.19975176453590393,-0.09323243051767349,0.5511833429336548,0.49603271484375,-0.049377165734767914,0.5568144917488098,0.37417396903038025,-0.06743208318948746,0.5639782547950745,0.30039578676223755,-0.08299487829208374,0.5708287954330444,0.2354084551334381,-0.09677223116159439,0.5924202799797058,0.5362406969070435,-0.06590297073125839,0.6010413765907288,0.4439907968044281,-0.081804558634758,0.607244074344635,0.3853132724761963,-0.08975762873888016,0.6114437580108643,0.33159512281417847,-0.09762571007013321,B
0.5448852181434631,0.7894387245178223,6.424851335395942e-07,0.4809470772743225,0.7533627152442932,-0.03183473274111748,0.43166571855545044,0.6791926026344299,-0.05381304770708084,0.46308720111846924,0.6251431703567505,-0.07479453086853027,0.5224312543869019,0.5999459624290466,-0.09626033157110214,0.46394869685173035,0.49378013610839844,-0.029412921518087387,0.46687790751457214,0.38139158487319946,-0.05574582889676094,0.4746648669242859,0.3120409846305847,-0.08031392097473145,0.48540377616882324,0.25028368830680847,-0.10050275176763535,0.5089079141616821,0.47955670952796936,-0.03666536882519722,0.5113201141357422,0.3490791916847229,-0.05697745084762573,0.5192103385925293,0.2693590819835663,-0.0776318907737732,0.5290518403053284,0.19910243153572083,-0.09537255018949509,0.5510163307189941,0.49487173557281494,-0.04905926063656807,0.5570085644721985,0.37444472312927246,-0.0677640289068222,0.5649292469024658,0.30074629187583923,-0.08460567891597748,0.5722506046295166,0.235427588224411,-0.09948031604290009,0.5923916101455688,0.5349459648132324,-0.06567047536373138,0.6014846563339233,0.4446289539337158,-0.08235207200050354,0.607704758644104,0.38674506545066833,-0.09137619286775589,0.6118332743644714,0.33321282267570496,-0.10023383796215057,B
0.5456991195678711,0.7909724712371826,6.455871357502474e-07,0.4826027452945709,0.7534441351890564,-0.030744660645723343,0.43419674038887024,0.6809219717979431,-0.05316491797566414,0.4639178514480591,0.626262903213501,-0.07462525367736816,0.5226411819458008,0.6017876267433167,-0.09643478691577911,0.46744099259376526,0.4919934868812561,-0.029937712475657463,0.4703349769115448,0.37987589836120605,-0.05615505576133728,0.47772216796875,0.3115907311439514,-0.08047501742839813,0.4879310429096222,0.25101175904273987,-0.1003165915608406,0.5118556022644043,0.47977373003959656,-0.037697628140449524,0.5162349343299866,0.34963637590408325,-0.05748312547802925,0.5241910815238953,0.2708565890789032,-0.07681925594806671,0.5339089632034302,0.2027873992919922,-0.09346185624599457,0.5535516738891602,0.49743717908859253,-0.050431087613105774,0.5605766773223877,0.3758232891559601,-0.06845057755708694,0.5690156817436218,0.3037046194076538,-0.08314216136932373,0.5768741369247437,0.2410840094089508,-0.09633734822273254,0.5939687490463257,0.539387047290802,-0.06732936203479767,0.6044910550117493,0.44855841994285583,-0.08358315378427505,0.6111739277839661,0.3904663920402527,-0.09122536331415176,0.6157888174057007,0.33774733543395996,-0.09872850030660629,B
0.5510357618331909,0.7909976840019226,6.385163828781515e-07,0.48525533080101013,0.7536838054656982,-0.030649520456790924,0.43697163462638855,0.6844972968101501,-0.05346951633691788,0.46533089876174927,0.6274052262306213,-0.07536141574382782,0.5242908000946045,0.6036333441734314,-0.09770549833774567,0.46946287155151367,0.4967954456806183,-0.029525695368647575,0.4716760218143463,0.3823910355567932,-0.055342890322208405,0.4795524775981903,0.313382625579834,-0.08004669845104218,0.4904869794845581,0.25152233242988586,-0.10041972249746323,0.5145276784896851,0.4832828640937805,-0.03738793358206749,0.5171190500259399,0.3511846363544464,-0.05644913390278816,0.5254094004631042,0.2716139554977417,-0.07609713077545166,0.5354707837104797,0.2021191418170929,-0.09349881112575531,0.5564243197441101,0.5000097155570984,-0.050178494304418564,0.5612249374389648,0.37879955768585205,-0.06731632351875305,0.5697542428970337,0.3061991333961487,-0.08199233561754227,0.5777587294578552,0.24325838685035706,-0.09580928087234497,0.5979275107383728,0.5406307578086853,-0.06719113141298294,0.6062504649162292,0.44777601957321167,-0.0828929916024208,0.6132920980453491,0.3916313648223877,-0.09018818289041519,0.6182833909988403,0.3412669897079468,-0.09786375612020493,B
0.5470095872879028,0.7917921543121338,6.512794925583876e-07,0.48446282744407654,0.7544755935668945,-0.03055194392800331,0.4360753297805786,0.6828601360321045,-0.0529836043715477,0.46432745456695557,0.628838062286377,-0.07455786317586899,0.522058367729187,0.6023677587509155,-0.09667953103780746,0.47042906284332275,0.49456727504730225,-0.029599547386169434,0.47287875413894653,0.38193026185035706,-0.05599305406212807,0.48025447130203247,0.3130425214767456,-0.08048418909311295,0.4904891848564148,0.2520419955253601,-0.10020045191049576,0.515044629573822,0.4833235442638397,-0.03738180175423622,0.5183618664741516,0.35211196541786194,-0.057090453803539276,0.5262253880500793,0.27338504791259766,-0.07668744772672653,0.5357363820075989,0.20464512705802917,-0.09341690689325333,0.5571789741516113,0.5007357597351074,-0.050122685730457306,0.561931848526001,0.378543496131897,-0.06838006526231766,0.5699982047080994,0.30603498220443726,-0.08316431194543839,0.5775274634361267,0.24268728494644165,-0.09621115773916245,0.5979334115982056,0.5417776703834534,-0.06691808998584747,0.6069497466087341,0.4484248757362366,-0.08285731822252274,0.6146103143692017,0.39142030477523804,-0.0896633118391037,0.619903564453125,0.34006267786026,-0.09646503627300262,B
0.548902690410614,0.7926924228668213,6.420881391022704e-07,0.48565754294395447,0.7575061321258545,-0.031369440257549286,0.4354051649570465,0.684798538684845,-0.05388662591576576,0.4641704261302948,0.630727231502533,-0.0753169134259224,0.5233604311943054,0.6059662699699402,-0.09714850783348083,0.4697372317314148,0.4950266182422638,-0.030060362070798874,0.4731033742427826,0.3835505247116089,-0.05640872195363045,0.4815002381801605,0.31457066535949707,-0.08107921481132507,0.49272453784942627,0.252948135137558,-0.10128942131996155,0.5149174332618713,0.4821958839893341,-0.037249598652124405,0.5186068415641785,0.3526685833930969,-0.05717147886753082,0.5266029834747314,0.273955374956131,-0.07695949822664261,0.5359892249107361,0.2041020691394806,-0.09413475543260574,0.5571451783180237,0.4986320734024048,-0.049467720091342926,0.5640423893928528,0.37897181510925293,-0.06766504049301147,0.5724006295204163,0.3063175678253174,-0.08298055827617645,0.5796021223068237,0.24232429265975952,-0.09675401449203491,0.5976645946502686,0.5390605330467224,-0.06587711721658707,0.6070101857185364,0.4480697810649872,-0.08221925795078278,0.6135920286178589,0.3910101652145386,-0.09027054160833359,0.617753267288208,0.3387036621570587,-0.09826020151376724,B
0.5496568083763123,0.792312502861023,6.45772274765477e-07,0.48606282472610474,0.7559602856636047,-0.030812222510576248,0.437237948179245,0.6844492554664612,-0.05345606431365013,0.466145396232605,0.6295978426933289,-0.07509725540876389,0.5246099829673767,0.6053417921066284,-0.0972021222114563,0.47064313292503357,0.49735161662101746,-0.030981741845607758,0.47259125113487244,0.38435912132263184,-0.05742515251040459,0.48013752698898315,0.31534576416015625,-0.08174905180931091,0.49085789918899536,0.2542321979999542,-0.10142801702022552,0.5153205990791321,0.4842129945755005,-0.038524825125932693,0.5188632011413574,0.35239022970199585,-0.05825095251202583,0.5267441272735596,0.2727937698364258,-0.07741472870111465,0.5364214181900024,0.20390811562538147,-0.09390828758478165,0.5575487613677979,0.5005359053611755,-0.0509345568716526,0.5634745359420776,0.3784586191177368,-0.06862252950668335,0.5720442533493042,0.3052704334259033,-0.08297991752624512,0.5800726413726807,0.241495281457901,-0.09599590301513672,0.598283052444458,0.5410304665565491,-0.0675162822008133,0.6068998575210571,0.4485599994659424,-0.08332547545433044,0.613648533821106,0.3908589780330658,-0.0904594138264656,0.6185029149055481,0.33880800008773804,-0.09762342274188995,B
0.5482113361358643,0.7947939038276672,6.481309924311063e-07,0.4873504340648651,0.759819507598877,-0.031049169600009918,0.4388902187347412,0.6855372786521912,-0.05333768203854561,0.4665335714817047,0.6306619644165039,-0.07468529790639877,0.5230945348739624,0.6006544232368469,-0.09622126072645187,0.4706609845161438,0.4946810305118561,-0.028740106150507927,0.4732740819454193,0.38327062129974365,-0.05521434172987938,0.4805559515953064,0.3139752149581909,-0.07949043065309525,0.49083778262138367,0.252998411655426,-0.09901165962219238,0.515342652797699,0.4830067753791809,-0.03631259873509407,0.5192614793777466,0.35232627391815186,-0.05640210583806038,0.5272532105445862,0.2730295956134796,-0.07588399946689606,0.5367214679718018,0.2038750946521759,-0.0923926830291748,0.5576013922691345,0.49978891015052795,-0.04899413883686066,0.5639049410820007,0.3780330717563629,-0.06748604774475098,0.5725243091583252,0.30566251277923584,-0.0817461609840393,0.580684244632721,0.24193376302719116,-0.09440440684556961,0.5980474948883057,0.5398250818252563,-0.06582076102495193,0.6069558262825012,0.44837093353271484,-0.08159986883401871,0.614373505115509,0.39105162024497986,-0.08823291212320328,0.6196936368942261,0.3385275602340698,-0.09492111206054688,B
0.5490877032279968,0.7938981056213379,6.348078045448347e-07,0.4877161383628845,0.758846640586853,-0.030639098957180977,0.43871983885765076,0.6862618923187256,-0.05294068902730942,0.46439579129219055,0.6312841176986694,-0.07446863502264023,0.5207520127296448,0.6010146737098694,-0.09625401347875595,0.47082895040512085,0.4931192994117737,-0.027968643233180046,0.4737982451915741,0.38311123847961426,-0.054480984807014465,0.48136448860168457,0.3141724765300751,-0.07912619411945343,0.4922005236148834,0.2526509761810303,-0.09910803288221359,0.5154858231544495,0.48158663511276245,-0.035953231155872345,0.5188891291618347,0.35231804847717285,-0.05615196004509926,0.5266215205192566,0.27359262108802795,-0.07618722319602966,0.5360851287841797,0.20385530591011047,-0.09339383244514465,0.5575269460678101,0.49908003211021423,-0.04906279593706131,0.5652713179588318,0.37887564301490784,-0.068100206553936,0.5738937854766846,0.30684894323349,-0.0834340825676918,0.5812612771987915,0.24290454387664795,-0.09699834883213043,0.5978685021400452,0.5401881337165833,-0.06623523682355881,0.6082696318626404,0.44917652010917664,-0.08266467601060867,0.6157110333442688,0.39213699102401733,-0.0902399867773056,0.6203468441963196,0.3390183746814728,-0.09782204031944275,B
0.5521535277366638,0.7874940633773804,6.205418117133377e-07,0.48660269379615784,0.7482834458351135,-0.0301884263753891,0.4398455023765564,0.6779440641403198,-0.051933225244283676,0.46943995356559753,0.6218152642250061,-0.07304941117763519,0.527151882648468,0.5953945517539978,-0.09473422914743423,0.4747285544872284,0.49313923716545105,-0.02681189775466919,0.4768078923225403,0.38133230805397034,-0.05198655650019646,0.48337697982788086,0.3128737807273865,-0.0762631967663765,0.49297744035720825,0.25144678354263306,-0.09614113718271255,0.5187838673591614,0.4796198010444641,-0.034765131771564484,0.520989179611206,0.34933197498321533,-0.05382825806736946,0.5271943807601929,0.270189493894577,-0.07402312010526657,0.5351964235305786,0.2011370062828064,-0.09146342426538467,0.5604732036590576,0.4952622056007385,-0.04775990918278694,0.5658026337623596,0.37535709142684937,-0.06543409824371338,0.5731731057167053,0.3012377619743347,-0.08150460571050644,0.5800074934959412,0.23676377534866333,-0.09582915157079697,0.6016116142272949,0.5349368453025818,-0.06490585207939148,0.6103273630142212,0.44262370467185974,-0.08065639436244965,0.6167738437652588,0.38566574454307556,-0.08844195306301117,0.6211936473846436,0.33457493782043457,-0.09626631438732147,B
0.5495939254760742,0.7847763895988464,6.161445185171033e-07,0.48828884959220886,0.7468017339706421,-0.02975168265402317,0.4419770836830139,0.6737241148948669,-0.050261784344911575,0.47188156843185425,0.61722731590271,-0.07010973989963531,0.5282923579216003,0.5888075232505798,-0.09043505042791367,0.47493603825569153,0.48740947246551514,-0.02556762658059597,0.47690150141716003,0.37690168619155884,-0.05047547444701195,0.48359835147857666,0.3087710738182068,-0.07425457239151001,0.49356502294540405,0.2481720745563507,-0.09366673976182938,0.5188356041908264,0.47557130455970764,-0.03335730731487274,0.5209105014801025,0.3465501666069031,-0.0522577166557312,0.5276392102241516,0.2685781717300415,-0.07207410782575607,0.5364750623703003,0.20013752579689026,-0.08902297914028168,0.5601239204406738,0.49252963066101074,-0.046237796545028687,0.5658136010169983,0.3731304109096527,-0.06450680643320084,0.5730327367782593,0.3011114001274109,-0.08047754317522049,0.5796415209770203,0.2376890480518341,-0.0943857952952385,0.6003977060317993,0.5330615043640137,-0.0631297305226326,0.610048770904541,0.441471129655838,-0.079335056245327,0.6173579096794128,0.38535887002944946,-0.08722388744354248,0.6222686171531677,0.33383047580718994,-0.0949295312166214,B
0.5508335828781128,0.7838508486747742,6.091111117711989e-07,0.4880317151546478,0.7451676726341248,-0.028939343988895416,0.44229090213775635,0.6743337512016296,-0.049428537487983704,0.47308236360549927,0.6178872585296631,-0.06931934505701065,0.5280323028564453,0.5888668298721313,-0.08956198394298553,0.47332262992858887,0.4877870976924896,-0.024427955970168114,0.4752404987812042,0.3757292330265045,-0.04841217026114464,0.48306527733802795,0.307986319065094,-0.071705661714077,0.4937862455844879,0.24761298298835754,-0.09093548357486725,0.5182926654815674,0.47538089752197266,-0.03246227651834488,0.5213452577590942,0.3461979627609253,-0.0504131093621254,0.529114842414856,0.2674166262149811,-0.06987670809030533,0.5381549000740051,0.19858232140541077,-0.08687733858823776,0.5602434873580933,0.4925919473171234,-0.04553478956222534,0.5656216144561768,0.37444794178009033,-0.06292688846588135,0.5735346078872681,0.30297571420669556,-0.07850588113069534,0.580249011516571,0.2399435043334961,-0.09250245988368988,0.6018316149711609,0.5331938862800598,-0.0625821202993393,0.6115112900733948,0.44221287965774536,-0.07872147113084793,0.6182710528373718,0.3861334025859833,-0.08678106963634491,0.622473955154419,0.3342284560203552,-0.0947604700922966,B
0.5503948926925659,0.782752275466919,6.183121854519413e-07,0.4879787266254425,0.7440006136894226,-0.02910820208489895,0.4431546926498413,0.6737319231033325,-0.049543578177690506,0.47358036041259766,0.6177514791488647,-0.06943510472774506,0.5282649993896484,0.5879144668579102,-0.08971209079027176,0.4750467836856842,0.48602068424224854,-0.02329748310148716,0.47636714577674866,0.3752102553844452,-0.04721330106258392,0.48335301876068115,0.3078007996082306,-0.07071633636951447,0.4939524531364441,0.24802422523498535,-0.08985470980405807,0.5194987654685974,0.47402459383010864,-0.031096329912543297,0.5221023559570312,0.34512829780578613,-0.04871952161192894,0.5295507311820984,0.26627713441848755,-0.06827270239591599,0.5390076637268066,0.19794726371765137,-0.08522531390190125,0.5614306330680847,0.49128198623657227,-0.04400985315442085,0.5671349167823792,0.37250062823295593,-0.06097572669386864,0.5745949745178223,0.3003915250301361,-0.07645263522863388,0.581220269203186,0.2373926341533661,-0.09024469554424286,0.60304194688797,0.5314805507659912,-0.060905348509550095,0.6127868294715881,0.4398324489593506,-0.07603282481431961,0.6195404529571533,0.383517324924469,-0.08316388726234436,0.6238315105438232,0.3317295014858246,-0.09039349108934402,B
0.5526092648506165,0.783367395401001,5.896735615351645e-07,0.4868107736110687,0.7391972541809082,-0.026686789467930794,0.4435249865055084,0.6712013483047485,-0.04669502004981041,0.4754621684551239,0.614363431930542,-0.06638877093791962,0.5321092009544373,0.5885797739028931,-0.08667377382516861,0.4765673279762268,0.48891788721084595,-0.02244492433965206,0.47653135657310486,0.3742382526397705,-0.044485632330179214,0.48434314131736755,0.30734387040138245,-0.0673428475856781,0.4950615167617798,0.24689629673957825,-0.08674287796020508,0.5209347605705261,0.4759051203727722,-0.031576771289110184,0.5233549475669861,0.34430086612701416,-0.047565657645463943,0.5309722423553467,0.2656830847263336,-0.06723932921886444,0.539371907711029,0.1967797875404358,-0.08508037030696869,0.5612412095069885,0.4942255914211273,-0.04536731168627739,0.566907525062561,0.37473976612091064,-0.06072510778903961,0.5742204785346985,0.30148565769195557,-0.07671479880809784,0.5808858275413513,0.2376607060432434,-0.09189759194850922,0.603171706199646,0.5369265675544739,-0.06299453973770142,0.6124029755592346,0.4431183338165283,-0.07800055295228958,0.6183990240097046,0.38671135902404785,-0.0860147774219513,0.6222125291824341,0.3349229097366333,-0.09459011256694794,B
0.5529460310935974,0.7832542061805725,6.126198286438012e-07,0.4898335933685303,0.7445881366729736,-0.029726916924118996,0.44431033730506897,0.6736705303192139,-0.05076725035905838,0.4752013087272644,0.6170172691345215,-0.07114772498607635,0.53033846616745,0.5872705578804016,-0.09212031215429306,0.47512492537498474,0.4877530634403229,-0.026360785588622093,0.4768911302089691,0.3774928152561188,-0.051807742565870285,0.4847606420516968,0.30900686979293823,-0.07616113871335983,0.49613896012306213,0.24787652492523193,-0.0959494411945343,0.5203801393508911,0.4750559628009796,-0.03440818563103676,0.5229803919792175,0.34662002325057983,-0.053818803280591965,0.5306544303894043,0.26743361353874207,-0.07421635091304779,0.5401917099952698,0.19784000515937805,-0.09171393513679504,0.5628759860992432,0.4919118285179138,-0.0474814772605896,0.5682342648506165,0.3734208643436432,-0.06617052108049393,0.5760595202445984,0.30130305886268616,-0.08228803426027298,0.583198606967926,0.23768901824951172,-0.09633307158946991,0.6048210263252258,0.5318650603294373,-0.06452354788780212,0.6146894693374634,0.43897050619125366,-0.08115784078836441,0.6221874356269836,0.3817870020866394,-0.0891038104891777,0.6272880434989929,0.32905131578445435,-0.09684827923774719,B
0.5548649430274963,0.7833446264266968,6.279645390350197e-07,0.49051958322525024,0.7450251579284668,-0.029653603211045265,0.44495850801467896,0.6745279431343079,-0.05072584003210068,0.4751741886138916,0.6161601543426514,-0.07099810242652893,0.5304696559906006,0.5867747068405151,-0.09155818074941635,0.476083368062973,0.4870496094226837,-0.025106675922870636,0.4774882197380066,0.37492889165878296,-0.049058977514505386,0.48511719703674316,0.3071354329586029,-0.07233980298042297,0.49601495265960693,0.24668070673942566,-0.09143290668725967,0.5209041833877563,0.47466257214546204,-0.03278191760182381,0.5239090323448181,0.3451486825942993,-0.050863076001405716,0.5316550731658936,0.2661779522895813,-0.07022905349731445,0.540887713432312,0.19792163372039795,-0.08695275336503983,0.5628585815429688,0.49182337522506714,-0.04550598934292793,0.5686379671096802,0.37320148944854736,-0.06285736709833145,0.5765367150306702,0.30115440487861633,-0.07834900915622711,0.5833845138549805,0.23804563283920288,-0.09216198325157166,0.6045914888381958,0.5323847532272339,-0.062255918979644775,0.6147547364234924,0.4407280385494232,-0.07794050127267838,0.6218157410621643,0.3846634030342102,-0.08564265817403793,0.626347005367279,0.33291417360305786,-0.0933145135641098,B
0.5540279150009155,0.7860285639762878,6.423608169825457e-07,0.49084773659706116,0.7458469867706299,-0.029601549729704857,0.44541123509407043,0.6730691194534302,-0.05072210729122162,0.4762946367263794,0.6181320548057556,-0.07114329189062119,0.5319653153419495,0.5897731184959412,-0.09210563451051712,0.477642685174942,0.4866490960121155,-0.026366082951426506,0.4799153208732605,0.37545299530029297,-0.05161720886826515,0.4869489073753357,0.3066158592700958,-0.0756194218993187,0.49693748354911804,0.24572229385375977,-0.0950491800904274,0.5223968029022217,0.4746440649032593,-0.034394875168800354,0.5258862972259521,0.34445518255233765,-0.05357826128602028,0.5327537059783936,0.264448881149292,-0.07372808456420898,0.5408821702003479,0.19505411386489868,-0.0908096581697464,0.564519464969635,0.4921938180923462,-0.0473841167986393,0.570905327796936,0.37175238132476807,-0.06567620486021042,0.5791009068489075,0.29937899112701416,-0.08170533925294876,0.5860287547111511,0.23619511723518372,-0.09553106129169464,0.6055697798728943,0.5336517095565796,-0.06430355459451675,0.6164565682411194,0.4420827627182007,-0.0805685743689537,0.6241970658302307,0.38471853733062744,-0.08843179047107697,0.629555344581604,0.33182990550994873,-0.09596587717533112,B
0.5573174357414246,0.7827603816986084,6.246258408282301e-07,0.4943237900733948,0.7437058687210083,-0.030433766543865204,0.4483504891395569,0.6745662093162537,-0.05209628865122795,0.47709307074546814,0.6186630725860596,-0.07300673425197601,0.5322685241699219,0.5890704989433289,-0.09441601485013962,0.47985297441482544,0.48828282952308655,-0.02701079100370407,0.48144254088401794,0.37727999687194824,-0.05268055200576782,0.48908162117004395,0.3082064986228943,-0.07705791294574738,0.49992498755455017,0.2462611198425293,-0.09679475426673889,0.5248646140098572,0.4755469262599945,-0.03477684035897255,0.5276256203651428,0.3456387221813202,-0.05417549982666969,0.5346639156341553,0.26595979928970337,-0.07446049898862839,0.5432566404342651,0.19566908478736877,-0.09187337011098862,0.5673510432243347,0.49223777651786804,-0.04762013629078865,0.5732760429382324,0.37304431200027466,-0.06607967615127563,0.5810748338699341,0.30087292194366455,-0.08197885751724243,0.5879109501838684,0.23735779523849487,-0.09589572995901108,0.6089636087417603,0.5316170454025269,-0.06453151255846024,0.6190651655197144,0.4396972060203552,-0.08083556592464447,0.6268602013587952,0.382370263338089,-0.08861102908849716,0.6324371099472046,0.32941892743110657,-0.09625273197889328,B
0.5567626953125,0.7851939797401428,6.418017619580496e-07,0.4933266043663025,0.7478412985801697,-0.030207110568881035,0.44731712341308594,0.6753430366516113,-0.05119657889008522,0.4775792956352234,0.6165280342102051,-0.07125398516654968,0.5332533121109009,0.587104320526123,-0.09150945395231247,0.4791690707206726,0.4861145317554474,-0.025468342006206512,0.4813026785850525,0.3745536804199219,-0.04973623901605606,0.4892382025718689,0.306501179933548,-0.07295428216457367,0.5000410079956055,0.24659287929534912,-0.09187000244855881,0.5239951610565186,0.47401076555252075,-0.03269294276833534,0.5281342267990112,0.34392204880714417,-0.05124621465802193,0.5354482531547546,0.2645750641822815,-0.0705118477344513,0.5437862277030945,0.19656571745872498,-0.0868726596236229,0.5662062168121338,0.4913100004196167,-0.04505176469683647,0.5726220011711121,0.3715803623199463,-0.06310097873210907,0.5805102586746216,0.29924410581588745,-0.07883603125810623,0.5872130990028381,0.2362414002418518,-0.09240838140249252,0.6072583198547363,0.531860888004303,-0.06141478568315506,0.6187241077423096,0.440180242061615,-0.07764967530965805,0.626440703868866,0.38321810960769653,-0.08572836965322495,0.631816565990448,0.3307856321334839,-0.09338172525167465,B
0.5588440299034119,0.7841576933860779,6.291424483606534e-07,0.49572229385375977,0.7467344403266907,-0.0297447070479393,0.4488215744495392,0.6755142211914062,-0.05151794105768204,0.4753437936306,0.6174672245979309,-0.07273693382740021,0.5320413112640381,0.5927655696868896,-0.09426886588335037,0.4828970730304718,0.48836639523506165,-0.027351608499884605,0.4808104932308197,0.3769116997718811,-0.053805284202098846,0.48499953746795654,0.3072545528411865,-0.07794559001922607,0.49370792508125305,0.24606367945671082,-0.09715171158313751,0.5279882550239563,0.47702598571777344,-0.03551020100712776,0.5280949473381042,0.34590280055999756,-0.05658728629350662,0.5322728157043457,0.26397114992141724,-0.07655113935470581,0.5391181111335754,0.1934521198272705,-0.09284703433513641,0.5716333389282227,0.4941048324108124,-0.04862948879599571,0.5777814984321594,0.3734397888183594,-0.06852023303508759,0.5846133232116699,0.2990621328353882,-0.0838657096028328,0.5908821821212769,0.23480406403541565,-0.09655099362134933,0.6152026653289795,0.5336418747901917,-0.06574191153049469,0.6286444664001465,0.44352900981903076,-0.08256946504116058,0.6363052129745483,0.3835083246231079,-0.09014809131622314,0.6412801742553711,0.3278889060020447,-0.09705159813165665,B
0.5589457154273987,0.783812403678894,6.117599014032749e-07,0.49557456374168396,0.7442435026168823,-0.027927450835704803,0.45032253861427307,0.6750178337097168,-0.04945290833711624,0.4764368534088135,0.6149128675460815,-0.07042011618614197,0.5312401056289673,0.5912871360778809,-0.09181192517280579,0.4826265275478363,0.48702436685562134,-0.02699192985892296,0.4808187484741211,0.3735751509666443,-0.05180243402719498,0.4868040978908539,0.30553293228149414,-0.07517088949680328,0.4963677227497101,0.24535533785820007,-0.09405932575464249,0.527630627155304,0.4760999083518982,-0.035717058926820755,0.5281571745872498,0.3451775014400482,-0.05501587316393852,0.5336377024650574,0.2651011645793915,-0.07429834455251694,0.5409854054450989,0.19630199670791626,-0.09049127250909805,0.5713427066802979,0.4943191707134247,-0.049011506140232086,0.5758090615272522,0.372874915599823,-0.06731072068214417,0.5822604894638062,0.2979884743690491,-0.08272714167833328,0.5877013206481934,0.23316514492034912,-0.09597822278738022,0.6157499551773071,0.5359224677085876,-0.0660993754863739,0.6279797554016113,0.4424421787261963,-0.08263425529003143,0.6353703141212463,0.3832584619522095,-0.0904124453663826,0.6398583650588989,0.3292568027973175,-0.09759250283241272,B
0.5840058922767639,0.8022891283035278,-3.795980418885847e-08,0.518615186214447,0.7572007179260254,-0.021967681124806404,0.4694324731826782,0.6783996224403381,-0.03985130414366722,0.46087491512298584,0.6110379099845886,-0.05969846248626709,0.4871545135974884,0.5658305883407593,-0.07780221849679947,0.5103450417518616,0.5124998092651367,-0.007825958542525768,0.49785900115966797,0.406851589679718,-0.03283323720097542,0.4832354784011841,0.3700069785118103,-0.05437725409865379,0.47355636954307556,0.3462916910648346,-0.06907249242067337,0.5497821569442749,0.5103550553321838,-0.01601596735417843,0.5343650579452515,0.40536317229270935,-0.04464241862297058,0.5186532735824585,0.3884294927120209,-0.06478580832481384,0.508889377117157,0.3879412114620209,-0.07552727311849594,0.592589795589447,0.5220414400100708,-0.02906149812042713,0.5842922329902649,0.4187168478965759,-0.056425709277391434,0.5640845894813538,0.39967456459999084,-0.06566145271062851,0.5473870038986206,0.39164841175079346,-0.06827320903539658,0.6365894675254822,0.548005223274231,-0.04476771503686905,0.6435012221336365,0.45338183641433716,-0.06365122646093369,0.6444882750511169,0.3943471908569336,-0.06911834329366684,0.6443426609039307,0.34063664078712463,-0.07116159051656723,B
0.5784611105918884,0.7920045852661133,9.745630080715273e-08,0.5168071985244751,0.7533251643180847,-0.021622927859425545,0.4693785011768341,0.6766035556793213,-0.038193073123693466,0.4601653218269348,0.6090672016143799,-0.056053902953863144,0.4855329394340515,0.5637283325195312,-0.07226035743951797,0.5162702202796936,0.514592707157135,-0.005825701169669628,0.5003581047058105,0.42431771755218506,-0.028284071013331413,0.48468345403671265,0.38128793239593506,-0.04910473898053169,0.47209885716438293,0.3475497364997864,-0.06404025107622147,0.553544282913208,0.507358193397522,-0.013120546005666256,0.5351715087890625,0.41060271859169006,-0.03845077008008957,0.5164830684661865,0.3803134560585022,-0.05781743302941322,0.5001971125602722,0.36265361309051514,-0.06902527064085007,0.5950688123703003,0.5146921873092651,-0.024947192519903183,0.5860182642936707,0.41695475578308105,-0.04970484972000122,0.5672776699066162,0.3953583538532257,-0.05640237778425217,0.5500181913375854,0.38387030363082886,-0.05762739107012749,0.6365076303482056,0.5379184484481812,-0.0397774875164032,0.6437880396842957,0.4476660490036011,-0.05807293951511383,0.6444913148880005,0.38606715202331543,-0.06299932301044464,0.6432385444641113,0.32747796177864075,-0.06449037790298462,B
